,city,company,date,price
0,CTU,XX,2020-03-15,413
1,WUH,BB,2020-03-15,462
2,CTU,AB,2020-03-16,577
3,CTU,YZ,2020-03-16,366
4,PEK,XX,2020-03-16,404
5,CAN,XX,2020-03-17,412
6,WUH,XX,2020-03-17,402
7,CTU,XX,2020-03-18,460
8,CTU,XX,2020-03-19,584
9,PEK,YZ,2020-03-19,376
10,WUH,XX,2020-03-19,452
11,CAN,AB,2020-03-20,454
12,CAN,AB,2020-03-20,362
13,CAN,AB,2020-03-20,332
14,CAN,AB,2020-03-20,426
15,CTU,AB,2020-03-20,365
16,PEK,XX,2020-03-20,304
17,PEK,AB,2020-03-21,475
18,WUH,BB,2020-03-21,416
19,WUH,YZ,2020-03-21,437
20,CAN,XX,2020-03-22,552
21,CTU,XX,2020-03-22,409
22,CTU,YZ,2020-03-22,510
23,CTU,YZ,2020-03-22,349
24,WUH,YZ,2020-03-22,400
25,CAN,AB,2020-03-23,443
26,PEK,YZ,2020-03-23,387
27,PEK,BB,2020-03-24,385
28,WUH,XX,2020-03-24,350
29,CTU,XX,2020-03-25,368
30,CTU,XX,2020-03-25,309
31,WUH,XX,2020-03-25,319
32,CAN,BB,2020-03-26,592
33,CTU,XX,2020-03-26,357
34,CTU,AB,2020-03-27,578
35,CTU,BB,2020-03-27,321
36,CTU,BB,2020-03-27,492
37,CTU,BB,2020-03-27,328
38,WUH,AB,2020-03-27,460
39,CAN,BB,2020-03-28,472
40,CTU,AB,2020-03-28,574
41,CTU,BB,2020-03-28,560
42,CTU,BB,2020-03-28,482
43,CAN,YZ,2020-03-29,589
44,WUH,BB,2020-03-29,328
45,CTU,BB,2020-03-30,310
46,CTU,YZ,2020-03-30,558
47,WUH,AB,2020-03-30,307
48,CAN,YZ,2020-03-31,585
49,CTU,AB,2020-03-31,450
50,CTU,BB,2020-03-31,382
51,PEK,BB,2020-03-31,426
52,WUH,BB,2020-03-31,346
53,CAN,BB,2020-04-01,500
54,CTU,AB,2020-04-01,425
55,CTU,YZ,2020-04-01,461
56,PEK,YZ,2020-04-01,574
57,WUH,AB,2020-04-01,407
58,CTU,AB,2020-04-02,458
59,CTU,XX,2020-04-02,415
60,WUH,AB,2020-04-02,514
61,WUH,BB,2020-04-02,390
62,CAN,BB,2020-04-03,458
63,CAN,XX,2020-04-03,346
64,CTU,BB,2020-04-03,425
65,CTU,XX,2020-04-03,356
66,PEK,XX,2020-04-03,371
67,PEK,BB,2020-04-04,375
68,WUH,XX,2020-04-04,553
69,CAN,BB,2020-04-05,442
70,CTU,BB,2020-04-05,490
71,PEK,AB,2020-04-05,487
72,WUH,YZ,2020-04-05,459
73,CAN,AB,2020-04-06,349
74,CAN,YZ,2020-04-06,481
75,CTU,XX,2020-04-06,364
76,WUH,XX,2020-04-06,505
77,WUH,YZ,2020-04-06,377
78,CAN,BB,2020-04-07,431
79,CTU,BB,2020-04-07,543
80,PEK,XX,2020-04-07,454
81,PEK,AB,2020-04-08,381
82,PEK,BB,2020-04-08,310
83,WUH,YZ,2020-04-08,557
84,CAN,BB,2020-04-09,449
85,PEK,BB,2020-04-09,308
86,PEK,YZ,2020-04-09,446
87,CTU,BB,2020-04-10,409
88,PEK,AB,2020-04-10,399
89,PEK,XX,2020-04-10,530
90,WUH,BB,2020-04-10,419
91,WUH,BB,2020-04-10,337
92,CAN,AB,2020-04-11,400
93,WUH,BB,2020-04-11,480
94,CAN,BB,2020-04-12,412
95,WUH,AB,2020-04-12,304
96,CTU,BB,2020-04-13,328
97,CTU,BB,2020-04-13,359
98,WUH,YZ,2020-04-13,382
99,WUH,YZ,2020-04-13,334
0,CAN,BB,2020-03-15,440
1,CAN,BB,2020-03-15,510
2,CTU,YZ,2020-03-15,456
3,CAN,XX,2020-03-16,374
4,PEK,BB,2020-03-17,519
5,WUH,YZ,2020-03-17,481
6,CAN,AB,2020-03-18,581
7,CAN,XX,2020-03-18,307
8,CTU,AB,2020-03-18,333
9,CTU,YZ,2020-03-18,540
10,WUH,BB,2020-03-18,328
11,WUH,AB,2020-03-19,310
12,CAN,BB,2020-03-20,466
13,PEK,BB,2020-03-20,414
14,WUH,XX,2020-03-20,458
15,CTU,BB,2020-03-21,392
16,WUH,AB,2020-03-21,561
17,CAN,YZ,2020-03-22,532
18,PEK,XX,2020-03-22,308
19,CTU,AB,2020-03-23,304
20,CTU,BB,2020-03-23,308
21,PEK,AB,2020-03-23,303
22,PEK,XX,2020-03-23,366
23,PEK,YZ,2020-03-23,596
24,WUH,BB,2020-03-24,418
25,CTU,BB,2020-03-25,531
26,CTU,YZ,2020-03-25,456
27,CTU,YZ,2020-03-25,597
28,CTU,YZ,2020-03-25,302
29,CTU,YZ,2020-03-25,513
30,PEK,AB,2020-03-25,509
31,PEK,XX,2020-03-25,485
32,PEK,XX,2020-03-25,488
33,PEK,YZ,2020-03-25,443
34,CTU,YZ,2020-03-26,556
35,WUH,XX,2020-03-26,562
36,WUH,YZ,2020-03-26,429
37,WUH,AB,2020-03-27,454
38,CTU,XX,2020-03-28,379
39,CTU,YZ,2020-03-28,571
40,PEK,AB,2020-03-28,333
41,CAN,AB,2020-03-29,481
42,CAN,YZ,2020-03-29,362
43,CTU,XX,2020-03-29,325
44,PEK,YZ,2020-03-29,320
45,WUH,BB,2020-03-29,398
46,CAN,XX,2020-03-30,480
47,CTU,XX,2020-03-30,418
48,WUH,BB,2020-03-30,325
49,CAN,XX,2020-03-31,549
50,CTU,AB,2020-03-31,571
51,CAN,BB,2020-04-01,531
52,CAN,XX,2020-04-01,316
53,CTU,YZ,2020-04-01,388
54,CTU,AB,2020-04-02,375
55,CTU,YZ,2020-04-02,306
56,PEK,XX,2020-04-02,385
57,WUH,YZ,2020-04-02,373
58,PEK,BB,2020-04-03,392
59,PEK,BB,2020-04-03,388
60,PEK,YZ,2020-04-03,511
61,PEK,YZ,2020-04-03,590
62,WUH,YZ,2020-04-03,487
63,WUH,YZ,2020-04-03,544
64,CAN,AB,2020-04-04,386
65,CTU,AB,2020-04-04,444
66,CTU,AB,2020-04-04,548
67,CTU,YZ,2020-04-04,557
68,WUH,BB,2020-04-04,505
69,PEK,AB,2020-04-05,424
70,WUH,BB,2020-04-05,527
71,WUH,YZ,2020-04-05,514
72,CTU,AB,2020-04-06,514
73,CAN,BB,2020-04-07,505
74,CAN,YZ,2020-04-07,395
75,CTU,YZ,2020-04-07,571
76,PEK,AB,2020-04-07,493
77,WUH,AB,2020-04-07,386
78,CAN,AB,2020-04-08,390
79,CAN,BB,2020-04-08,561
80,CTU,AB,2020-04-08,503
81,PEK,YZ,2020-04-08,301
82,CTU,AB,2020-04-09,419
83,CTU,XX,2020-04-09,336
84,WUH,BB,2020-04-09,382
85,CTU,XX,2020-04-10,311
86,WUH,XX,2020-04-10,323
87,WUH,YZ,2020-04-10,359
88,CTU,AB,2020-04-11,584
89,CTU,BB,2020-04-11,521
90,CTU,BB,2020-04-11,580
91,PEK,BB,2020-04-11,432
92,PEK,XX,2020-04-11,345
93,PEK,YZ,2020-04-11,454
94,WUH,BB,2020-04-11,487
95,CTU,XX,2020-04-12,422
96,PEK,XX,2020-04-12,521
97,CTU,BB,2020-04-13,406
98,CTU,YZ,2020-04-13,541
99,PEK,BB,2020-04-13,589
0,CAN,AB,2020-03-15,563
1,CAN,BB,2020-03-15,487
2,CAN,XX,2020-03-15,540
3,PEK,XX,2020-03-15,457
4,CAN,BB,2020-03-16,322
5,CAN,XX,2020-03-16,510
6,CTU,BB,2020-03-16,515
7,PEK,AB,2020-03-16,480
8,PEK,AB,2020-03-16,428
9,PEK,YZ,2020-03-16,325
10,WUH,BB,2020-03-16,387
11,CTU,AB,2020-03-17,568
12,PEK,AB,2020-03-17,390
13,PEK,BB,2020-03-17,428
14,CAN,AB,2020-03-18,349
15,CTU,BB,2020-03-18,340
16,PEK,AB,2020-03-18,371
17,PEK,XX,2020-03-18,415
18,PEK,AB,2020-03-19,405
19,WUH,BB,2020-03-19,389
20,WUH,YZ,2020-03-20,477
21,PEK,BB,2020-03-21,341
22,PEK,XX,2020-03-21,392
23,WUH,AB,2020-03-21,323
24,CTU,YZ,2020-03-22,492
25,CAN,YZ,2020-03-23,328
26,CTU,AB,2020-03-23,528
27,CTU,YZ,2020-03-23,456
28,PEK,YZ,2020-03-23,345
29,CAN,BB,2020-03-24,534
30,CAN,YZ,2020-03-24,320
31,PEK,AB,2020-03-24,439
32,PEK,BB,2020-03-24,341
33,WUH,BB,2020-03-24,415
34,WUH,XX,2020-03-24,312
35,CTU,YZ,2020-03-25,400
36,PEK,XX,2020-03-25,426
37,WUH,BB,2020-03-25,593
38,CAN,XX,2020-03-26,383
39,PEK,BB,2020-03-26,310
40,PEK,YZ,2020-03-26,509
41,WUH,XX,2020-03-26,555
42,CAN,AB,2020-03-27,416
43,CTU,XX,2020-03-27,321
44,PEK,YZ,2020-03-27,537
45,WUH,XX,2020-03-27,585
46,CAN,BB,2020-03-29,445
47,CAN,BB,2020-03-29,414
48,CAN,YZ,2020-03-29,346
49,CTU,AB,2020-03-29,584
50,CTU,AB,2020-03-29,566
51,CTU,XX,2020-03-29,470
52,PEK,BB,2020-03-29,585
53,WUH,AB,2020-03-29,464
54,WUH,BB,2020-03-29,427
55,WUH,YZ,2020-03-29,304
56,CAN,AB,2020-03-30,559
57,CAN,XX,2020-03-30,373
58,CTU,AB,2020-03-30,417
59,CAN,AB,2020-03-31,563
60,CAN,YZ,2020-03-31,516
61,CTU,YZ,2020-03-31,569
62,PEK,BB,2020-03-31,383
63,CTU,YZ,2020-04-01,377
64,PEK,AB,2020-04-01,409
65,CAN,YZ,2020-04-02,585
66,PEK,BB,2020-04-02,482
67,WUH,AB,2020-04-02,393
68,WUH,YZ,2020-04-02,514
69,CTU,YZ,2020-04-03,517
70,PEK,AB,2020-04-03,387
71,PEK,BB,2020-04-03,437
72,WUH,BB,2020-04-03,519
73,CAN,BB,2020-04-04,369
74,WUH,XX,2020-04-04,517
75,WUH,YZ,2020-04-04,535
76,CAN,YZ,2020-04-05,522
77,WUH,XX,2020-04-05,402
78,CAN,XX,2020-04-06,438
79,CAN,YZ,2020-04-06,367
80,CTU,YZ,2020-04-06,513
81,CAN,YZ,2020-04-07,483
82,CTU,AB,2020-04-07,536
83,CTU,XX,2020-04-07,457
84,PEK,AB,2020-04-07,395
85,CTU,BB,2020-04-08,343
86,CTU,XX,2020-04-08,419
87,PEK,YZ,2020-04-08,359
88,WUH,AB,2020-04-08,477
89,CTU,BB,2020-04-09,425
90,CAN,AB,2020-04-10,379
91,PEK,XX,2020-04-10,332
92,CTU,AB,2020-04-11,355
93,PEK,XX,2020-04-11,325
94,WUH,XX,2020-04-12,482
95,CTU,BB,2020-04-13,551
96,CTU,YZ,2020-04-13,371
97,CTU,YZ,2020-04-13,518
98,PEK,YZ,2020-04-13,469
99,WUH,AB,2020-04-13,542
0,CAN,AB,2020-03-15,319
1,CAN,XX,2020-03-15,454
2,CAN,XX,2020-03-15,541
3,CTU,AB,2020-03-15,594
4,CTU,XX,2020-03-15,564
5,WUH,AB,2020-03-15,319
6,WUH,XX,2020-03-15,335
7,WUH,BB,2020-03-17,569
8,WUH,YZ,2020-03-17,450
9,CAN,BB,2020-03-18,440
10,CAN,YZ,2020-03-18,385
11,CTU,YZ,2020-03-18,316
12,PEK,AB,2020-03-18,357
13,PEK,AB,2020-03-18,342
14,PEK,YZ,2020-03-18,362
15,CAN,AB,2020-03-19,592
16,CAN,YZ,2020-03-19,550
17,PEK,XX,2020-03-19,326
18,CAN,AB,2020-03-20,449
19,CAN,BB,2020-03-20,529
20,CAN,YZ,2020-03-20,524
21,CTU,XX,2020-03-20,394
22,PEK,AB,2020-03-20,593
23,PEK,XX,2020-03-20,599
24,CAN,BB,2020-03-21,529
25,CAN,XX,2020-03-21,330
26,CAN,YZ,2020-03-21,566
27,CTU,BB,2020-03-22,517
28,CTU,XX,2020-03-22,440
29,PEK,BB,2020-03-22,355
30,PEK,XX,2020-03-22,580
31,PEK,YZ,2020-03-22,561
32,CAN,XX,2020-03-23,474
33,CAN,XX,2020-03-23,516
34,CTU,BB,2020-03-23,367
35,CTU,YZ,2020-03-23,360
36,PEK,XX,2020-03-23,347
37,WUH,XX,2020-03-23,334
38,WUH,YZ,2020-03-23,345
39,CTU,BB,2020-03-24,420
40,WUH,YZ,2020-03-24,434
41,PEK,XX,2020-03-25,458
42,PEK,XX,2020-03-25,513
43,PEK,AB,2020-03-26,537
44,PEK,XX,2020-03-26,357
45,CAN,BB,2020-03-27,543
46,WUH,XX,2020-03-27,579
47,CTU,AB,2020-03-28,424
48,CTU,XX,2020-03-28,301
49,WUH,AB,2020-03-29,505
50,WUH,YZ,2020-03-29,581
51,WUH,XX,2020-03-30,421
52,WUH,YZ,2020-03-30,341
53,CAN,BB,2020-03-31,522
54,CTU,AB,2020-03-31,482
55,PEK,BB,2020-03-31,358
56,CAN,BB,2020-04-01,313
57,PEK,BB,2020-04-01,305
58,PEK,XX,2020-04-01,441
59,PEK,YZ,2020-04-01,596
60,CAN,BB,2020-04-02,392
61,CTU,BB,2020-04-02,401
62,CTU,BB,2020-04-02,408
63,CTU,XX,2020-04-02,335
64,WUH,BB,2020-04-02,361
65,PEK,AB,2020-04-03,351
66,PEK,BB,2020-04-03,331
67,PEK,YZ,2020-04-03,304
68,WUH,BB,2020-04-03,320
69,CTU,BB,2020-04-05,442
70,PEK,AB,2020-04-05,332
71,WUH,YZ,2020-04-06,345
72,CTU,XX,2020-04-07,369
73,WUH,XX,2020-04-07,432
74,WUH,YZ,2020-04-07,374
75,CAN,XX,2020-04-08,494
76,CAN,YZ,2020-04-08,422
77,WUH,AB,2020-04-08,497
78,WUH,XX,2020-04-08,378
79,CAN,YZ,2020-04-09,503
80,PEK,AB,2020-04-09,532
81,WUH,YZ,2020-04-09,589
82,WUH,YZ,2020-04-09,391
83,CAN,AB,2020-04-10,510
84,CAN,BB,2020-04-10,532
85,PEK,AB,2020-04-10,351
86,PEK,AB,2020-04-10,561
87,WUH,AB,2020-04-10,485
88,WUH,YZ,2020-04-10,505
89,CAN,YZ,2020-04-11,516
90,CTU,BB,2020-04-11,458
91,CTU,YZ,2020-04-11,473
92,PEK,XX,2020-04-11,429
93,WUH,XX,2020-04-11,552
94,WUH,XX,2020-04-11,588
95,CAN,YZ,2020-04-12,584
96,PEK,XX,2020-04-12,455
97,WUH,BB,2020-04-12,426
98,CTU,AB,2020-04-13,421
99,WUH,AB,2020-04-13,492
0,CAN,YZ,2020-03-15,468
1,CTU,BB,2020-03-15,415
2,WUH,BB,2020-03-15,415
3,WUH,BB,2020-03-16,301
4,CAN,XX,2020-03-18,309
5,CTU,XX,2020-03-18,499
6,CTU,YZ,2020-03-18,375
7,PEK,XX,2020-03-18,547
8,CAN,BB,2020-03-19,374
9,CAN,BB,2020-03-19,596
10,PEK,YZ,2020-03-19,334
11,WUH,BB,2020-03-19,516
12,WUH,YZ,2020-03-19,366
13,CAN,YZ,2020-03-20,384
14,CTU,AB,2020-03-20,491
15,CTU,XX,2020-03-20,332
16,PEK,AB,2020-03-20,421
17,WUH,AB,2020-03-20,560
18,WUH,YZ,2020-03-20,344
19,WUH,YZ,2020-03-20,456
20,CAN,AB,2020-03-21,553
21,CAN,BB,2020-03-21,379
22,CTU,BB,2020-03-21,455
23,PEK,YZ,2020-03-21,462
24,CTU,AB,2020-03-22,368
25,PEK,XX,2020-03-23,435
26,PEK,YZ,2020-03-23,421
27,CAN,AB,2020-03-24,347
28,CAN,YZ,2020-03-24,533
29,CTU,XX,2020-03-24,448
30,CTU,XX,2020-03-24,365
31,PEK,AB,2020-03-24,328
32,PEK,YZ,2020-03-24,597
33,WUH,YZ,2020-03-24,473
34,CAN,XX,2020-03-25,564
35,PEK,XX,2020-03-25,327
36,CAN,AB,2020-03-26,430
37,CTU,YZ,2020-03-26,507
38,PEK,AB,2020-03-26,541
39,PEK,XX,2020-03-26,433
40,WUH,YZ,2020-03-26,387
41,CAN,XX,2020-03-27,411
42,PEK,BB,2020-03-27,317
43,PEK,YZ,2020-03-27,461
44,CAN,XX,2020-03-28,486
45,CTU,BB,2020-03-28,389
46,PEK,BB,2020-03-28,494
47,PEK,YZ,2020-03-28,474
48,PEK,XX,2020-03-29,411
49,PEK,XX,2020-03-29,599
50,CAN,AB,2020-03-30,561
51,PEK,AB,2020-03-30,474
52,WUH,BB,2020-03-30,565
53,WUH,AB,2020-04-01,444
54,CTU,YZ,2020-04-02,472
55,PEK,XX,2020-04-02,319
56,WUH,BB,2020-04-02,310
57,CTU,BB,2020-04-03,464
58,WUH,XX,2020-04-03,488
59,CAN,AB,2020-04-04,558
60,CTU,XX,2020-04-04,521
61,PEK,AB,2020-04-04,463
62,PEK,YZ,2020-04-04,577
63,CTU,YZ,2020-04-05,417
64,WUH,BB,2020-04-06,479
65,WUH,YZ,2020-04-06,358
66,CAN,BB,2020-04-07,564
67,CTU,XX,2020-04-07,509
68,PEK,BB,2020-04-07,539
69,PEK,XX,2020-04-07,568
70,WUH,BB,2020-04-07,353
71,WUH,BB,2020-04-07,329
72,CAN,XX,2020-04-08,548
73,CAN,XX,2020-04-08,371
74,CTU,AB,2020-04-08,529
75,CTU,BB,2020-04-08,343
76,PEK,XX,2020-04-08,475
77,PEK,YZ,2020-04-08,462
78,WUH,BB,2020-04-08,507
79,WUH,YZ,2020-04-08,423
80,WUH,YZ,2020-04-08,589
81,CTU,AB,2020-04-09,416
82,CTU,BB,2020-04-09,390
83,CTU,YZ,2020-04-09,597
84,PEK,AB,2020-04-09,568
85,PEK,XX,2020-04-09,455
86,PEK,YZ,2020-04-09,542
87,CAN,AB,2020-04-10,426
88,PEK,BB,2020-04-10,432
89,PEK,YZ,2020-04-10,471
90,CTU,XX,2020-04-11,418
91,CTU,XX,2020-04-11,361
92,PEK,AB,2020-04-11,517
93,PEK,YZ,2020-04-11,407
94,CAN,AB,2020-04-12,303
95,CTU,AB,2020-04-12,485
96,PEK,AB,2020-04-12,548
97,PEK,AB,2020-04-12,305
98,CAN,AB,2020-04-13,560
99,WUH,XX,2020-04-13,590
0,CAN,AB,2020-03-15,318
1,CAN,YZ,2020-03-15,454
2,CTU,AB,2020-03-15,559
3,CTU,BB,2020-03-15,587
4,CTU,XX,2020-03-15,394
5,CTU,YZ,2020-03-15,597
6,PEK,BB,2020-03-15,527
7,PEK,XX,2020-03-15,490
8,WUH,XX,2020-03-15,477
9,CTU,XX,2020-03-16,376
10,PEK,BB,2020-03-16,399
11,WUH,XX,2020-03-16,533
12,CAN,AB,2020-03-17,386
13,CAN,BB,2020-03-17,341
14,CTU,AB,2020-03-17,498
15,PEK,BB,2020-03-17,472
16,WUH,AB,2020-03-17,479
17,WUH,BB,2020-03-18,418
18,CAN,BB,2020-03-19,436
19,CAN,XX,2020-03-19,500
20,CAN,YZ,2020-03-19,456
21,PEK,AB,2020-03-19,459
22,PEK,BB,2020-03-19,564
23,WUH,BB,2020-03-20,401
24,CAN,BB,2020-03-21,346
25,CAN,BB,2020-03-21,467
26,PEK,XX,2020-03-21,379
27,PEK,YZ,2020-03-21,542
28,PEK,YZ,2020-03-21,403
29,CAN,YZ,2020-03-22,328
30,PEK,XX,2020-03-22,384
31,WUH,XX,2020-03-23,590
32,WUH,XX,2020-03-23,368
33,CTU,AB,2020-03-24,542
34,CTU,BB,2020-03-24,475
35,CTU,YZ,2020-03-24,455
36,PEK,XX,2020-03-24,317
37,WUH,AB,2020-03-24,356
38,CAN,AB,2020-03-25,512
39,PEK,BB,2020-03-25,522
40,CAN,YZ,2020-03-26,499
41,CTU,BB,2020-03-26,340
42,CAN,BB,2020-03-27,592
43,CAN,XX,2020-03-27,436
44,CTU,AB,2020-03-27,398
45,CTU,XX,2020-03-27,518
46,PEK,BB,2020-03-27,306
47,PEK,XX,2020-03-27,392
48,PEK,XX,2020-03-27,347
49,PEK,XX,2020-03-27,336
50,PEK,YZ,2020-03-27,360
51,CAN,AB,2020-03-28,596
52,PEK,AB,2020-03-28,435
53,PEK,YZ,2020-03-28,485
54,CAN,XX,2020-03-29,439
55,PEK,BB,2020-03-29,342
56,WUH,BB,2020-03-29,553
57,WUH,XX,2020-03-29,328
58,CTU,AB,2020-03-31,598
59,PEK,XX,2020-03-31,384
60,WUH,AB,2020-03-31,303
61,CAN,YZ,2020-04-01,363
62,PEK,BB,2020-04-01,373
63,PEK,YZ,2020-04-02,415
64,CAN,BB,2020-04-03,339
65,CAN,BB,2020-04-03,388
66,CAN,BB,2020-04-03,597
67,CAN,XX,2020-04-03,477
68,CAN,YZ,2020-04-03,453
69,CTU,BB,2020-04-04,578
70,PEK,YZ,2020-04-04,307
71,WUH,XX,2020-04-04,314
72,CTU,AB,2020-04-05,520
73,CTU,AB,2020-04-05,594
74,CTU,BB,2020-04-05,422
75,PEK,AB,2020-04-06,599
76,CAN,XX,2020-04-07,396
77,CTU,BB,2020-04-07,374
78,PEK,BB,2020-04-07,518
79,PEK,XX,2020-04-07,506
80,WUH,AB,2020-04-07,314
81,WUH,XX,2020-04-07,573
82,WUH,YZ,2020-04-07,449
83,CAN,XX,2020-04-08,397
84,CAN,XX,2020-04-08,521
85,CAN,YZ,2020-04-09,433
86,PEK,XX,2020-04-09,412
87,WUH,XX,2020-04-09,515
88,CTU,XX,2020-04-10,524
89,PEK,XX,2020-04-10,514
90,PEK,YZ,2020-04-10,481
91,CTU,AB,2020-04-11,505
92,PEK,YZ,2020-04-11,562
93,WUH,YZ,2020-04-11,579
94,PEK,AB,2020-04-12,548
95,WUH,XX,2020-04-12,400
96,CAN,XX,2020-04-13,599
97,CAN,XX,2020-04-13,539
98,CTU,AB,2020-04-13,313
99,CTU,YZ,2020-04-13,356
0,CAN,BB,2020-03-15,506
1,WUH,AB,2020-03-15,390
2,WUH,AB,2020-03-15,473
3,WUH,BB,2020-03-15,439
4,CAN,YZ,2020-03-16,334
5,PEK,BB,2020-03-16,371
6,WUH,YZ,2020-03-16,566
7,CTU,YZ,2020-03-17,479
8,CTU,XX,2020-03-18,503
9,CTU,YZ,2020-03-18,564
10,PEK,BB,2020-03-18,593
11,CAN,YZ,2020-03-19,371
12,CTU,XX,2020-03-19,478
13,CAN,XX,2020-03-20,352
14,CTU,YZ,2020-03-20,579
15,PEK,AB,2020-03-20,554
16,CAN,AB,2020-03-21,575
17,CAN,XX,2020-03-21,424
18,CAN,YZ,2020-03-21,493
19,PEK,AB,2020-03-21,421
20,WUH,YZ,2020-03-21,527
21,PEK,BB,2020-03-22,581
22,WUH,YZ,2020-03-22,338
23,WUH,XX,2020-03-23,307
24,CTU,BB,2020-03-24,597
25,PEK,BB,2020-03-24,599
26,PEK,YZ,2020-03-24,485
27,CTU,XX,2020-03-25,345
28,WUH,AB,2020-03-25,560
29,PEK,AB,2020-03-26,399
30,PEK,YZ,2020-03-26,400
31,WUH,YZ,2020-03-26,589
32,WUH,YZ,2020-03-26,501
33,CAN,BB,2020-03-27,315
34,CTU,AB,2020-03-27,390
35,PEK,XX,2020-03-27,405
36,CAN,AB,2020-03-28,495
37,CTU,YZ,2020-03-28,382
38,CTU,XX,2020-03-29,389
39,WUH,BB,2020-03-30,316
40,CAN,XX,2020-03-31,560
41,PEK,XX,2020-03-31,498
42,CAN,YZ,2020-04-01,484
43,PEK,YZ,2020-04-01,578
44,WUH,XX,2020-04-01,551
45,CAN,AB,2020-04-02,376
46,CTU,YZ,2020-04-02,394
47,PEK,AB,2020-04-02,509
48,PEK,AB,2020-04-02,407
49,PEK,AB,2020-04-02,300
50,PEK,AB,2020-04-02,401
51,PEK,YZ,2020-04-02,562
52,WUH,AB,2020-04-02,340
53,WUH,BB,2020-04-02,371
54,CTU,XX,2020-04-03,569
55,WUH,YZ,2020-04-03,458
56,WUH,YZ,2020-04-03,551
57,CAN,AB,2020-04-04,426
58,CAN,AB,2020-04-04,376
59,CTU,AB,2020-04-04,456
60,WUH,XX,2020-04-04,492
61,CAN,BB,2020-04-05,321
62,CTU,BB,2020-04-05,533
63,CTU,BB,2020-04-05,341
64,CTU,XX,2020-04-05,540
65,CAN,AB,2020-04-06,383
66,CTU,BB,2020-04-06,523
67,WUH,XX,2020-04-06,561
68,CTU,XX,2020-04-07,367
69,PEK,AB,2020-04-07,418
70,PEK,XX,2020-04-07,593
71,PEK,YZ,2020-04-07,569
72,PEK,YZ,2020-04-07,460
73,WUH,XX,2020-04-07,315
74,WUH,YZ,2020-04-07,574
75,CAN,AB,2020-04-08,393
76,WUH,AB,2020-04-08,324
77,WUH,BB,2020-04-08,301
78,CAN,YZ,2020-04-09,497
79,CTU,YZ,2020-04-09,545
80,WUH,YZ,2020-04-09,356
81,CAN,YZ,2020-04-10,458
82,CAN,YZ,2020-04-10,306
83,PEK,AB,2020-04-10,389
84,PEK,AB,2020-04-10,483
85,PEK,YZ,2020-04-10,508
86,WUH,XX,2020-04-10,337
87,PEK,XX,2020-04-11,352
88,PEK,YZ,2020-04-11,312
89,CTU,XX,2020-04-12,433
90,CTU,YZ,2020-04-12,556
91,PEK,AB,2020-04-12,586
92,CAN,BB,2020-04-13,581
93,CAN,YZ,2020-04-13,506
94,CTU,XX,2020-04-13,539
95,PEK,AB,2020-04-13,523
96,PEK,YZ,2020-04-13,573
97,PEK,YZ,2020-04-13,562
98,WUH,BB,2020-04-13,451
99,WUH,YZ,2020-04-13,330
0,WUH,BB,2020-03-15,309
1,WUH,BB,2020-03-15,392
2,CAN,AB,2020-03-16,435
3,CAN,YZ,2020-03-16,358
4,CTU,BB,2020-03-16,415
5,WUH,XX,2020-03-16,446
6,CAN,AB,2020-03-17,350
7,WUH,AB,2020-03-18,574
8,WUH,XX,2020-03-18,339
9,WUH,XX,2020-03-18,367
10,WUH,YZ,2020-03-18,379
11,CAN,AB,2020-03-19,452
12,CTU,XX,2020-03-19,315
13,PEK,BB,2020-03-19,430
14,PEK,XX,2020-03-19,551
15,WUH,XX,2020-03-20,358
16,CTU,XX,2020-03-21,502
17,PEK,AB,2020-03-21,583
18,CAN,YZ,2020-03-22,568
19,CTU,AB,2020-03-22,457
20,CTU,YZ,2020-03-22,349
21,PEK,BB,2020-03-22,399
22,WUH,BB,2020-03-22,442
23,WUH,BB,2020-03-22,447
24,CTU,AB,2020-03-23,305
25,CTU,XX,2020-03-23,570
26,CTU,YZ,2020-03-23,594
27,PEK,YZ,2020-03-23,326
28,CAN,XX,2020-03-24,406
29,CTU,XX,2020-03-24,409
30,PEK,AB,2020-03-24,536
31,WUH,YZ,2020-03-24,418
32,CAN,XX,2020-03-25,360
33,CAN,YZ,2020-03-25,362
34,CTU,XX,2020-03-25,468
35,CTU,YZ,2020-03-25,328
36,WUH,AB,2020-03-25,479
37,CAN,XX,2020-03-26,364
38,CTU,XX,2020-03-26,495
39,PEK,AB,2020-03-26,588
40,CAN,XX,2020-03-27,457
41,CTU,XX,2020-03-27,348
42,WUH,XX,2020-03-27,513
43,WUH,XX,2020-03-28,305
44,CAN,AB,2020-03-29,460
45,CTU,XX,2020-03-29,491
46,PEK,XX,2020-03-29,383
47,WUH,BB,2020-03-29,479
48,CAN,YZ,2020-03-30,517
49,CTU,XX,2020-03-30,480
50,CAN,YZ,2020-03-31,357
51,CTU,YZ,2020-03-31,475
52,PEK,BB,2020-03-31,322
53,WUH,XX,2020-03-31,424
54,PEK,BB,2020-04-01,517
55,PEK,XX,2020-04-01,418
56,PEK,YZ,2020-04-01,596
57,PEK,YZ,2020-04-01,580
58,CTU,YZ,2020-04-02,386
59,CTU,YZ,2020-04-02,434
60,PEK,XX,2020-04-03,582
61,PEK,YZ,2020-04-03,500
62,CAN,XX,2020-04-04,488
63,CTU,AB,2020-04-04,405
64,PEK,AB,2020-04-04,545
65,PEK,XX,2020-04-04,408
66,WUH,YZ,2020-04-04,369
67,WUH,YZ,2020-04-04,454
68,CAN,BB,2020-04-05,467
69,CAN,XX,2020-04-05,425
70,CAN,YZ,2020-04-05,404
71,PEK,YZ,2020-04-05,453
72,WUH,YZ,2020-04-05,459
73,CTU,XX,2020-04-06,451
74,PEK,XX,2020-04-06,407
75,PEK,YZ,2020-04-06,329
76,CTU,BB,2020-04-07,505
77,PEK,YZ,2020-04-07,455
78,WUH,XX,2020-04-07,532
79,CTU,BB,2020-04-08,509
80,PEK,AB,2020-04-08,458
81,WUH,AB,2020-04-08,341
82,CAN,AB,2020-04-09,529
83,CTU,BB,2020-04-09,359
84,CTU,BB,2020-04-09,321
85,WUH,BB,2020-04-09,429
86,CAN,AB,2020-04-10,471
87,CAN,BB,2020-04-10,504
88,CTU,YZ,2020-04-10,498
89,PEK,XX,2020-04-10,540
90,PEK,XX,2020-04-10,362
91,WUH,AB,2020-04-10,499
92,CAN,YZ,2020-04-11,362
93,CAN,XX,2020-04-12,574
94,CAN,YZ,2020-04-12,396
95,CTU,BB,2020-04-12,415
96,WUH,YZ,2020-04-12,416
97,CTU,XX,2020-04-13,543
98,PEK,XX,2020-04-13,558
99,PEK,XX,2020-04-13,370
0,CAN,BB,2020-03-15,375
1,CTU,AB,2020-03-15,545
2,CTU,BB,2020-03-15,417
3,PEK,YZ,2020-03-15,516
4,CTU,AB,2020-03-16,335
5,WUH,XX,2020-03-16,390
6,WUH,XX,2020-03-16,468
7,CAN,XX,2020-03-17,441
8,CAN,XX,2020-03-18,569
9,CTU,AB,2020-03-18,599
10,WUH,AB,2020-03-18,393
11,WUH,BB,2020-03-18,398
12,CAN,BB,2020-03-19,477
13,CAN,BB,2020-03-19,464
14,PEK,YZ,2020-03-19,498
15,CAN,BB,2020-03-20,460
16,CAN,YZ,2020-03-20,344
17,CAN,AB,2020-03-21,418
18,CTU,XX,2020-03-21,401
19,PEK,AB,2020-03-21,515
20,PEK,XX,2020-03-21,507
21,WUH,XX,2020-03-21,361
22,WUH,YZ,2020-03-21,351
23,CTU,XX,2020-03-22,486
24,CAN,AB,2020-03-23,368
25,CAN,BB,2020-03-23,386
26,WUH,BB,2020-03-23,472
27,WUH,BB,2020-03-23,324
28,WUH,XX,2020-03-24,357
29,CAN,YZ,2020-03-25,529
30,CTU,AB,2020-03-25,467
31,CAN,BB,2020-03-26,576
32,CAN,XX,2020-03-27,365
33,PEK,YZ,2020-03-27,355
34,CAN,AB,2020-03-28,505
35,CAN,AB,2020-03-28,507
36,PEK,BB,2020-03-28,434
37,WUH,XX,2020-03-28,591
38,CAN,BB,2020-03-29,531
39,CTU,BB,2020-03-29,583
40,CTU,XX,2020-03-29,310
41,PEK,AB,2020-03-30,370
42,PEK,AB,2020-03-30,412
43,PEK,YZ,2020-03-30,556
44,CTU,BB,2020-03-31,507
45,PEK,XX,2020-03-31,527
46,CAN,YZ,2020-04-01,439
47,WUH,AB,2020-04-01,557
48,WUH,BB,2020-04-01,461
49,CAN,AB,2020-04-02,589
50,CTU,BB,2020-04-02,313
51,WUH,BB,2020-04-02,413
52,CAN,AB,2020-04-03,536
53,CTU,XX,2020-04-03,465
54,PEK,XX,2020-04-03,531
55,WUH,XX,2020-04-03,442
56,WUH,YZ,2020-04-03,510
57,CAN,BB,2020-04-04,382
58,PEK,XX,2020-04-04,349
59,PEK,XX,2020-04-04,445
60,WUH,BB,2020-04-04,573
61,CAN,AB,2020-04-05,525
62,CAN,BB,2020-04-05,526
63,CAN,XX,2020-04-05,345
64,CTU,BB,2020-04-05,490
65,CAN,BB,2020-04-06,551
66,CTU,XX,2020-04-06,384
67,PEK,XX,2020-04-06,327
68,CAN,AB,2020-04-07,596
69,CAN,BB,2020-04-07,389
70,CAN,XX,2020-04-07,334
71,CTU,BB,2020-04-07,565
72,CTU,YZ,2020-04-07,533
73,CAN,BB,2020-04-08,529
74,CTU,XX,2020-04-08,337
75,PEK,BB,2020-04-08,522
76,PEK,BB,2020-04-08,329
77,PEK,XX,2020-04-08,323
78,PEK,XX,2020-04-08,388
79,PEK,BB,2020-04-09,492
80,PEK,YZ,2020-04-09,503
81,WUH,BB,2020-04-09,463
82,WUH,BB,2020-04-09,322
83,CTU,AB,2020-04-10,318
84,CTU,YZ,2020-04-10,417
85,PEK,AB,2020-04-10,322
86,WUH,YZ,2020-04-10,589
87,CAN,YZ,2020-04-11,580
88,PEK,YZ,2020-04-11,476
89,CTU,AB,2020-04-12,324
90,PEK,AB,2020-04-12,437
91,PEK,AB,2020-04-12,311
92,PEK,XX,2020-04-12,383
93,PEK,YZ,2020-04-12,341
94,CAN,YZ,2020-04-13,471
95,CTU,AB,2020-04-13,517
96,CTU,BB,2020-04-13,588
97,WUH,AB,2020-04-13,495
98,WUH,AB,2020-04-13,329
99,WUH,XX,2020-04-13,456
0,CAN,BB,2020-03-15,408
1,CTU,AB,2020-03-15,397
2,PEK,XX,2020-03-15,390
3,CAN,BB,2020-03-16,368
4,WUH,AB,2020-03-17,585
5,WUH,XX,2020-03-17,443
6,WUH,YZ,2020-03-17,576
7,CAN,AB,2020-03-18,412
8,CAN,XX,2020-03-18,506
9,CAN,XX,2020-03-18,548
10,CTU,AB,2020-03-18,476
11,PEK,XX,2020-03-18,500
12,CAN,BB,2020-03-19,427
13,CAN,YZ,2020-03-19,526
14,CTU,XX,2020-03-19,520
15,WUH,AB,2020-03-19,448
16,CAN,BB,2020-03-20,460
17,CTU,BB,2020-03-20,368
18,CTU,XX,2020-03-20,374
19,PEK,XX,2020-03-20,537
20,PEK,YZ,2020-03-20,583
21,WUH,XX,2020-03-20,538
22,CTU,XX,2020-03-21,520
23,CTU,YZ,2020-03-21,373
24,WUH,BB,2020-03-21,341
25,CTU,AB,2020-03-22,568
26,CTU,XX,2020-03-22,309
27,WUH,YZ,2020-03-22,371
28,CTU,AB,2020-03-24,454
29,CTU,XX,2020-03-24,404
30,CTU,YZ,2020-03-24,390
31,WUH,AB,2020-03-24,383
32,CAN,BB,2020-03-25,356
33,CTU,BB,2020-03-25,589
34,CAN,AB,2020-03-26,310
35,CAN,AB,2020-03-26,571
36,CTU,XX,2020-03-26,418
37,PEK,AB,2020-03-26,503
38,PEK,XX,2020-03-26,303
39,PEK,YZ,2020-03-26,401
40,WUH,BB,2020-03-26,536
41,CTU,BB,2020-03-27,550
42,CTU,XX,2020-03-27,380
43,PEK,AB,2020-03-27,335
44,WUH,YZ,2020-03-27,453
45,CAN,YZ,2020-03-28,559
46,CTU,AB,2020-03-28,357
47,CTU,YZ,2020-03-28,387
48,PEK,BB,2020-03-28,453
49,WUH,AB,2020-03-28,453
50,WUH,XX,2020-03-28,593
51,CTU,AB,2020-03-29,453
52,CTU,BB,2020-03-29,469
53,WUH,YZ,2020-03-29,574
54,PEK,AB,2020-03-30,362
55,PEK,XX,2020-03-30,334
56,WUH,AB,2020-03-30,597
57,CAN,BB,2020-03-31,467
58,CTU,AB,2020-03-31,538
59,CTU,XX,2020-03-31,314
60,PEK,YZ,2020-03-31,352
61,WUH,AB,2020-03-31,498
62,CAN,AB,2020-04-01,481
63,CTU,XX,2020-04-01,465
64,PEK,XX,2020-04-01,431
65,PEK,YZ,2020-04-02,536
66,CAN,YZ,2020-04-03,536
67,PEK,BB,2020-04-03,480
68,WUH,BB,2020-04-03,443
69,CAN,AB,2020-04-04,482
70,CAN,BB,2020-04-04,323
71,CTU,BB,2020-04-04,403
72,CAN,BB,2020-04-05,593
73,PEK,AB,2020-04-05,545
74,CTU,BB,2020-04-06,456
75,CTU,YZ,2020-04-06,552
76,PEK,BB,2020-04-06,315
77,CAN,AB,2020-04-07,512
78,CAN,BB,2020-04-07,593
79,WUH,BB,2020-04-07,511
80,CTU,YZ,2020-04-08,425
81,PEK,AB,2020-04-08,331
82,WUH,BB,2020-04-08,379
83,CAN,AB,2020-04-09,513
84,CAN,BB,2020-04-09,489
85,CTU,BB,2020-04-09,559
86,WUH,AB,2020-04-10,430
87,WUH,XX,2020-04-10,380
88,CAN,YZ,2020-04-11,487
89,CTU,XX,2020-04-11,525
90,WUH,AB,2020-04-11,555
91,WUH,XX,2020-04-11,313
92,CAN,BB,2020-04-12,423
93,CTU,BB,2020-04-12,308
94,PEK,YZ,2020-04-12,436
95,WUH,XX,2020-04-12,409
96,CAN,BB,2020-04-13,587
97,CTU,AB,2020-04-13,348
98,PEK,BB,2020-04-13,421
99,PEK,YZ,2020-04-13,324
0,CAN,YZ,2020-03-15,588
1,WUH,AB,2020-03-15,304
2,CAN,BB,2020-03-16,527
3,CAN,XX,2020-03-16,411
4,CTU,BB,2020-03-16,571
5,PEK,YZ,2020-03-16,516
6,CAN,AB,2020-03-17,393
7,WUH,YZ,2020-03-17,440
8,CAN,YZ,2020-03-18,443
9,CAN,YZ,2020-03-18,396
10,CTU,AB,2020-03-18,407
11,CTU,AB,2020-03-19,461
12,CTU,BB,2020-03-19,443
13,PEK,YZ,2020-03-19,337
14,PEK,YZ,2020-03-19,474
15,WUH,BB,2020-03-19,357
16,CAN,AB,2020-03-20,369
17,CAN,XX,2020-03-20,386
18,CAN,YZ,2020-03-20,466
19,CTU,YZ,2020-03-20,363
20,PEK,BB,2020-03-20,517
21,CAN,AB,2020-03-21,553
22,CAN,YZ,2020-03-21,578
23,CAN,YZ,2020-03-21,313
24,CTU,YZ,2020-03-21,403
25,WUH,AB,2020-03-21,574
26,CAN,AB,2020-03-22,425
27,PEK,YZ,2020-03-22,593
28,CAN,BB,2020-03-23,466
29,CTU,BB,2020-03-23,415
30,CTU,XX,2020-03-23,559
31,PEK,AB,2020-03-23,469
32,PEK,AB,2020-03-23,456
33,CAN,XX,2020-03-24,390
34,CTU,BB,2020-03-24,532
35,WUH,XX,2020-03-24,361
36,WUH,XX,2020-03-24,599
37,PEK,YZ,2020-03-25,368
38,WUH,YZ,2020-03-25,576
39,CAN,XX,2020-03-26,438
40,PEK,BB,2020-03-26,376
41,WUH,AB,2020-03-26,367
42,CTU,AB,2020-03-27,522
43,WUH,YZ,2020-03-27,319
44,PEK,XX,2020-03-28,305
45,CAN,XX,2020-03-29,562
46,CTU,AB,2020-03-29,456
47,CTU,XX,2020-03-29,388
48,WUH,AB,2020-03-29,539
49,WUH,XX,2020-03-29,356
50,CAN,AB,2020-03-30,476
51,CAN,AB,2020-03-30,592
52,WUH,AB,2020-03-30,504
53,CAN,XX,2020-03-31,345
54,CAN,XX,2020-03-31,342
55,CAN,YZ,2020-03-31,377
56,WUH,XX,2020-03-31,363
57,CAN,BB,2020-04-01,566
58,CTU,AB,2020-04-01,432
59,CAN,XX,2020-04-02,313
60,CTU,AB,2020-04-02,417
61,CTU,XX,2020-04-02,475
62,PEK,YZ,2020-04-02,344
63,CAN,YZ,2020-04-03,385
64,PEK,XX,2020-04-03,416
65,WUH,AB,2020-04-03,409
66,CAN,YZ,2020-04-04,500
67,CTU,AB,2020-04-04,529
68,PEK,BB,2020-04-04,384
69,WUH,YZ,2020-04-04,323
70,WUH,YZ,2020-04-04,449
71,CTU,YZ,2020-04-05,400
72,PEK,BB,2020-04-05,587
73,PEK,XX,2020-04-05,545
74,WUH,AB,2020-04-06,473
75,WUH,BB,2020-04-06,351
76,WUH,BB,2020-04-06,561
77,PEK,AB,2020-04-07,460
78,CTU,XX,2020-04-08,568
79,CTU,YZ,2020-04-08,302
80,CTU,YZ,2020-04-08,314
81,PEK,YZ,2020-04-08,310
82,CTU,YZ,2020-04-09,536
83,WUH,AB,2020-04-09,377
84,WUH,YZ,2020-04-09,304
85,CAN,BB,2020-04-10,501
86,CAN,XX,2020-04-10,561
87,CTU,YZ,2020-04-10,544
88,PEK,BB,2020-04-10,516
89,PEK,YZ,2020-04-10,447
90,WUH,BB,2020-04-10,462
91,WUH,YZ,2020-04-10,366
92,CTU,YZ,2020-04-11,340
93,CAN,XX,2020-04-12,321
94,WUH,YZ,2020-04-12,390
95,CAN,BB,2020-04-13,335
96,CAN,YZ,2020-04-13,490
97,CAN,YZ,2020-04-13,591
98,CAN,YZ,2020-04-13,594
99,WUH,AB,2020-04-13,599
0,CTU,AB,2020-03-15,373
1,CTU,AB,2020-03-15,569
2,PEK,XX,2020-03-15,545
3,CAN,YZ,2020-03-16,310
4,CTU,BB,2020-03-16,424
5,WUH,YZ,2020-03-16,323
6,CTU,BB,2020-03-17,333
7,CTU,XX,2020-03-17,445
8,PEK,XX,2020-03-17,479
9,WUH,BB,2020-03-17,566
10,WUH,YZ,2020-03-18,526
11,CAN,AB,2020-03-19,417
12,PEK,AB,2020-03-19,512
13,CAN,BB,2020-03-20,492
14,WUH,BB,2020-03-20,405
15,CAN,XX,2020-03-21,561
16,CTU,XX,2020-03-21,486
17,CTU,BB,2020-03-22,377
18,CAN,YZ,2020-03-23,552
19,CTU,XX,2020-03-23,323
20,PEK,XX,2020-03-23,554
21,CAN,AB,2020-03-24,469
22,CAN,XX,2020-03-24,453
23,CTU,XX,2020-03-24,370
24,PEK,XX,2020-03-24,599
25,CAN,XX,2020-03-25,542
26,CTU,XX,2020-03-25,464
27,PEK,AB,2020-03-25,319
28,WUH,BB,2020-03-25,382
29,WUH,YZ,2020-03-25,591
30,PEK,XX,2020-03-26,570
31,CAN,AB,2020-03-27,396
32,CAN,YZ,2020-03-27,534
33,CTU,BB,2020-03-27,333
34,PEK,YZ,2020-03-27,402
35,WUH,XX,2020-03-27,363
36,WUH,XX,2020-03-27,531
37,WUH,XX,2020-03-27,399
38,CAN,YZ,2020-03-28,383
39,CTU,AB,2020-03-28,442
40,WUH,AB,2020-03-28,545
41,CTU,BB,2020-03-29,390
42,PEK,AB,2020-03-29,591
43,PEK,AB,2020-03-29,308
44,CAN,YZ,2020-03-30,550
45,CTU,YZ,2020-03-30,307
46,WUH,XX,2020-03-30,572
47,CAN,AB,2020-03-31,407
48,CAN,YZ,2020-03-31,417
49,CTU,YZ,2020-03-31,477
50,CAN,AB,2020-04-01,481
51,PEK,AB,2020-04-01,350
52,PEK,BB,2020-04-01,380
53,PEK,YZ,2020-04-01,518
54,CAN,XX,2020-04-02,388
55,CTU,AB,2020-04-02,579
56,CTU,XX,2020-04-02,523
57,CTU,XX,2020-04-02,347
58,CTU,XX,2020-04-02,310
59,PEK,XX,2020-04-02,481
60,WUH,AB,2020-04-02,355
61,CAN,YZ,2020-04-03,486
62,PEK,BB,2020-04-03,504
63,WUH,YZ,2020-04-03,412
64,CTU,AB,2020-04-04,545
65,CTU,AB,2020-04-04,440
66,PEK,AB,2020-04-04,393
67,CAN,BB,2020-04-05,342
68,CTU,AB,2020-04-05,562
69,CTU,AB,2020-04-05,485
70,CTU,XX,2020-04-05,382
71,WUH,AB,2020-04-05,522
72,CAN,BB,2020-04-06,490
73,CTU,YZ,2020-04-06,372
74,PEK,XX,2020-04-06,517
75,CTU,BB,2020-04-07,479
76,CTU,YZ,2020-04-07,436
77,CTU,YZ,2020-04-07,531
78,PEK,YZ,2020-04-07,582
79,CAN,BB,2020-04-08,559
80,PEK,AB,2020-04-08,380
81,PEK,YZ,2020-04-08,326
82,WUH,BB,2020-04-08,319
83,CAN,BB,2020-04-09,338
84,CTU,YZ,2020-04-09,530
85,CTU,YZ,2020-04-09,347
86,PEK,XX,2020-04-09,317
87,CAN,AB,2020-04-10,504
88,CAN,BB,2020-04-10,442
89,CAN,XX,2020-04-10,565
90,CTU,AB,2020-04-11,483
91,CTU,AB,2020-04-11,558
92,CTU,XX,2020-04-11,411
93,PEK,BB,2020-04-11,359
94,WUH,XX,2020-04-11,326
95,WUH,AB,2020-04-12,519
96,CAN,YZ,2020-04-13,355
97,CTU,XX,2020-04-13,352
98,WUH,BB,2020-04-13,309
99,WUH,XX,2020-04-13,497
0,CTU,AB,2020-03-15,531
1,PEK,XX,2020-03-15,370
2,WUH,YZ,2020-03-15,591
3,CAN,BB,2020-03-16,425
4,PEK,YZ,2020-03-16,392
5,WUH,XX,2020-03-16,523
6,CAN,XX,2020-03-17,444
7,CTU,YZ,2020-03-17,541
8,PEK,YZ,2020-03-17,536
9,CAN,BB,2020-03-18,414
10,CAN,YZ,2020-03-18,532
11,CTU,XX,2020-03-18,516
12,PEK,XX,2020-03-18,590
13,PEK,YZ,2020-03-18,449
14,WUH,BB,2020-03-18,334
15,CAN,AB,2020-03-19,441
16,CAN,XX,2020-03-19,333
17,CTU,XX,2020-03-19,504
18,PEK,XX,2020-03-19,500
19,CAN,XX,2020-03-21,437
20,CTU,AB,2020-03-21,378
21,CTU,YZ,2020-03-21,573
22,PEK,XX,2020-03-21,516
23,WUH,BB,2020-03-21,406
24,CAN,AB,2020-03-22,490
25,CTU,BB,2020-03-22,360
26,WUH,BB,2020-03-22,529
27,WUH,XX,2020-03-22,594
28,WUH,BB,2020-03-23,413
29,WUH,YZ,2020-03-23,424
30,CAN,YZ,2020-03-24,386
31,PEK,BB,2020-03-24,409
32,CAN,BB,2020-03-25,582
33,CTU,AB,2020-03-25,573
34,CTU,AB,2020-03-25,309
35,CTU,AB,2020-03-26,572
36,PEK,BB,2020-03-27,524
37,PEK,XX,2020-03-27,539
38,WUH,AB,2020-03-27,474
39,CAN,AB,2020-03-28,355
40,CTU,YZ,2020-03-28,554
41,PEK,AB,2020-03-28,545
42,PEK,YZ,2020-03-28,357
43,CAN,BB,2020-03-29,541
44,CTU,XX,2020-03-29,331
45,PEK,AB,2020-03-29,329
46,WUH,BB,2020-03-29,525
47,WUH,YZ,2020-03-29,329
48,CAN,XX,2020-03-30,374
49,CAN,XX,2020-03-30,357
50,CTU,YZ,2020-03-30,465
51,PEK,YZ,2020-03-30,376
52,CTU,BB,2020-03-31,376
53,PEK,YZ,2020-03-31,361
54,CTU,XX,2020-04-01,381
55,CTU,XX,2020-04-01,329
56,WUH,YZ,2020-04-01,458
57,CTU,BB,2020-04-02,576
58,CTU,XX,2020-04-02,582
59,WUH,AB,2020-04-02,560
60,WUH,YZ,2020-04-02,370
61,CAN,XX,2020-04-03,387
62,CAN,YZ,2020-04-03,530
63,CTU,AB,2020-04-03,524
64,WUH,AB,2020-04-03,491
65,CAN,XX,2020-04-04,488
66,WUH,YZ,2020-04-04,496
67,CTU,AB,2020-04-05,580
68,CTU,AB,2020-04-06,525
69,CTU,YZ,2020-04-06,321
70,PEK,AB,2020-04-06,460
71,WUH,XX,2020-04-06,525
72,WUH,YZ,2020-04-06,535
73,CAN,BB,2020-04-07,531
74,CAN,YZ,2020-04-07,540
75,CAN,YZ,2020-04-07,560
76,CTU,BB,2020-04-07,315
77,PEK,AB,2020-04-07,479
78,PEK,BB,2020-04-07,365
79,WUH,BB,2020-04-07,323
80,CAN,XX,2020-04-08,419
81,PEK,AB,2020-04-08,429
82,PEK,BB,2020-04-08,353
83,WUH,AB,2020-04-08,453
84,CAN,BB,2020-04-09,380
85,CAN,BB,2020-04-09,539
86,CAN,XX,2020-04-09,597
87,CTU,XX,2020-04-10,516
88,CAN,BB,2020-04-11,564
89,CAN,XX,2020-04-11,568
90,PEK,YZ,2020-04-11,396
91,PEK,YZ,2020-04-11,387
92,CAN,AB,2020-04-12,457
93,PEK,BB,2020-04-12,526
94,PEK,XX,2020-04-12,509
95,WUH,BB,2020-04-12,458
96,CAN,BB,2020-04-13,433
97,PEK,AB,2020-04-13,513
98,PEK,XX,2020-04-13,439
99,WUH,XX,2020-04-13,360
0,PEK,YZ,2020-03-15,545
1,WUH,XX,2020-03-15,439
2,PEK,AB,2020-03-16,518
3,CAN,AB,2020-03-17,392
4,PEK,AB,2020-03-17,391
5,CAN,AB,2020-03-18,585
6,CTU,BB,2020-03-18,450
7,PEK,YZ,2020-03-18,492
8,WUH,BB,2020-03-18,323
9,CAN,AB,2020-03-19,456
10,CTU,BB,2020-03-19,518
11,PEK,AB,2020-03-19,424
12,PEK,BB,2020-03-19,392
13,CAN,AB,2020-03-20,566
14,CTU,XX,2020-03-20,395
15,WUH,BB,2020-03-20,522
16,WUH,YZ,2020-03-20,571
17,CAN,XX,2020-03-21,535
18,CAN,AB,2020-03-22,472
19,CTU,YZ,2020-03-22,474
20,PEK,XX,2020-03-22,450
21,WUH,YZ,2020-03-22,319
22,CAN,XX,2020-03-23,485
23,PEK,YZ,2020-03-23,503
24,PEK,YZ,2020-03-23,509
25,WUH,BB,2020-03-23,441
26,WUH,YZ,2020-03-23,459
27,CAN,BB,2020-03-24,415
28,PEK,XX,2020-03-24,310
29,WUH,XX,2020-03-24,374
30,WUH,YZ,2020-03-24,377
31,CTU,AB,2020-03-25,343
32,PEK,AB,2020-03-25,312
33,PEK,XX,2020-03-25,400
34,CAN,YZ,2020-03-26,313
35,PEK,YZ,2020-03-26,491
36,CAN,BB,2020-03-27,393
37,CTU,BB,2020-03-27,381
38,CTU,XX,2020-03-27,387
39,WUH,YZ,2020-03-27,453
40,CAN,BB,2020-03-28,321
41,WUH,BB,2020-03-28,380
42,WUH,XX,2020-03-28,599
43,CAN,AB,2020-03-29,386
44,CTU,BB,2020-03-29,307
45,PEK,BB,2020-03-29,399
46,PEK,XX,2020-03-29,433
47,CAN,BB,2020-03-30,451
48,CTU,BB,2020-03-30,515
49,WUH,BB,2020-03-30,498
50,CAN,BB,2020-03-31,442
51,CAN,XX,2020-03-31,579
52,CAN,YZ,2020-03-31,427
53,CTU,BB,2020-03-31,392
54,PEK,XX,2020-03-31,447
55,CTU,AB,2020-04-01,371
56,CTU,XX,2020-04-01,341
57,CAN,BB,2020-04-02,559
58,CAN,XX,2020-04-02,427
59,CAN,YZ,2020-04-02,345
60,CTU,BB,2020-04-02,474
61,PEK,XX,2020-04-02,416
62,WUH,YZ,2020-04-02,407
63,CAN,XX,2020-04-03,531
64,CAN,XX,2020-04-03,521
65,CTU,XX,2020-04-03,555
66,CTU,XX,2020-04-03,570
67,PEK,AB,2020-04-03,322
68,PEK,XX,2020-04-03,517
69,CAN,XX,2020-04-04,424
70,CTU,AB,2020-04-04,597
71,PEK,BB,2020-04-04,538
72,PEK,YZ,2020-04-04,493
73,CAN,AB,2020-04-05,476
74,CTU,AB,2020-04-05,505
75,WUH,AB,2020-04-05,337
76,WUH,YZ,2020-04-05,530
77,CAN,AB,2020-04-06,496
78,CAN,BB,2020-04-06,402
79,PEK,BB,2020-04-06,521
80,WUH,XX,2020-04-06,389
81,CAN,YZ,2020-04-07,449
82,WUH,XX,2020-04-07,559
83,CAN,AB,2020-04-08,300
84,PEK,BB,2020-04-08,361
85,PEK,YZ,2020-04-08,534
86,PEK,YZ,2020-04-08,555
87,PEK,BB,2020-04-11,525
88,PEK,XX,2020-04-11,450
89,WUH,AB,2020-04-11,565
90,WUH,XX,2020-04-11,503
91,CAN,XX,2020-04-12,519
92,CTU,AB,2020-04-12,419
93,CTU,BB,2020-04-12,436
94,CTU,YZ,2020-04-12,550
95,PEK,YZ,2020-04-12,419
96,PEK,YZ,2020-04-12,350
97,CTU,BB,2020-04-13,404
98,CTU,XX,2020-04-13,434
99,WUH,AB,2020-04-13,318
0,CAN,AB,2020-03-15,461
1,CAN,YZ,2020-03-15,302
2,CAN,AB,2020-03-16,497
3,CTU,YZ,2020-03-16,312
4,PEK,YZ,2020-03-16,396
5,WUH,AB,2020-03-16,537
6,WUH,BB,2020-03-16,345
7,CAN,AB,2020-03-17,437
8,CAN,BB,2020-03-17,322
9,CAN,YZ,2020-03-17,551
10,CTU,YZ,2020-03-17,339
11,WUH,XX,2020-03-17,412
12,CTU,YZ,2020-03-18,352
13,WUH,YZ,2020-03-18,595
14,CAN,XX,2020-03-19,497
15,CAN,XX,2020-03-19,320
16,CAN,YZ,2020-03-19,323
17,CTU,AB,2020-03-19,502
18,CTU,AB,2020-03-20,548
19,PEK,BB,2020-03-20,352
20,CTU,AB,2020-03-21,517
21,WUH,YZ,2020-03-21,302
22,CTU,YZ,2020-03-22,480
23,WUH,AB,2020-03-22,451
24,WUH,AB,2020-03-22,467
25,WUH,XX,2020-03-22,428
26,CAN,BB,2020-03-23,599
27,CAN,BB,2020-03-23,564
28,PEK,YZ,2020-03-23,586
29,WUH,XX,2020-03-23,486
30,CAN,XX,2020-03-24,529
31,PEK,XX,2020-03-24,473
32,WUH,BB,2020-03-24,424
33,WUH,YZ,2020-03-24,385
34,CAN,YZ,2020-03-25,542
35,CTU,XX,2020-03-25,579
36,CTU,YZ,2020-03-25,412
37,WUH,YZ,2020-03-25,564
38,CTU,BB,2020-03-26,462
39,WUH,BB,2020-03-26,435
40,WUH,YZ,2020-03-26,576
41,CAN,YZ,2020-03-27,438
42,PEK,AB,2020-03-27,404
43,PEK,XX,2020-03-27,331
44,CAN,XX,2020-03-28,514
45,CAN,XX,2020-03-28,332
46,CTU,BB,2020-03-29,529
47,WUH,AB,2020-03-29,533
48,CAN,AB,2020-03-30,560
49,CAN,AB,2020-03-30,579
50,CAN,BB,2020-03-30,304
51,CTU,YZ,2020-03-30,536
52,WUH,YZ,2020-03-30,568
53,PEK,BB,2020-03-31,549
54,PEK,BB,2020-03-31,490
55,PEK,XX,2020-03-31,584
56,PEK,XX,2020-03-31,595
57,WUH,YZ,2020-03-31,335
58,CTU,AB,2020-04-01,392
59,CAN,XX,2020-04-02,324
60,PEK,YZ,2020-04-02,529
61,CTU,XX,2020-04-03,354
62,PEK,AB,2020-04-03,497
63,PEK,AB,2020-04-03,403
64,PEK,XX,2020-04-03,373
65,WUH,XX,2020-04-03,597
66,CTU,XX,2020-04-04,538
67,PEK,BB,2020-04-04,419
68,WUH,XX,2020-04-04,339
69,WUH,BB,2020-04-05,596
70,WUH,BB,2020-04-05,563
71,CAN,BB,2020-04-06,494
72,CAN,YZ,2020-04-06,329
73,CTU,AB,2020-04-06,327
74,WUH,AB,2020-04-06,545
75,WUH,XX,2020-04-06,594
76,CAN,AB,2020-04-07,500
77,WUH,BB,2020-04-07,514
78,CTU,AB,2020-04-08,311
79,CTU,BB,2020-04-08,373
80,CTU,BB,2020-04-08,568
81,CTU,BB,2020-04-08,497
82,CTU,XX,2020-04-08,582
83,PEK,XX,2020-04-08,391
84,WUH,YZ,2020-04-08,558
85,CAN,XX,2020-04-09,372
86,PEK,XX,2020-04-09,349
87,WUH,YZ,2020-04-09,517
88,PEK,BB,2020-04-10,538
89,WUH,XX,2020-04-10,320
90,CAN,AB,2020-04-11,577
91,CAN,YZ,2020-04-11,368
92,CTU,XX,2020-04-11,524
93,CTU,YZ,2020-04-11,565
94,PEK,XX,2020-04-11,423
95,PEK,YZ,2020-04-11,488
96,WUH,XX,2020-04-11,331
97,CTU,BB,2020-04-12,352
98,CAN,BB,2020-04-13,315
99,WUH,XX,2020-04-13,447
0,CAN,AB,2020-03-15,307
1,CTU,YZ,2020-03-15,356
2,WUH,BB,2020-03-15,500
3,CAN,AB,2020-03-16,310
4,CAN,XX,2020-03-16,477
5,PEK,AB,2020-03-16,501
6,WUH,AB,2020-03-16,418
7,WUH,BB,2020-03-16,304
8,CTU,YZ,2020-03-17,474
9,WUH,BB,2020-03-17,349
10,CTU,AB,2020-03-18,490
11,PEK,BB,2020-03-18,442
12,CAN,BB,2020-03-19,367
13,CAN,YZ,2020-03-19,469
14,WUH,XX,2020-03-19,553
15,CTU,AB,2020-03-21,401
16,PEK,YZ,2020-03-21,363
17,CAN,XX,2020-03-22,316
18,CTU,AB,2020-03-22,348
19,CTU,BB,2020-03-22,378
20,CTU,XX,2020-03-22,591
21,CTU,XX,2020-03-22,492
22,CTU,YZ,2020-03-22,565
23,PEK,XX,2020-03-22,348
24,PEK,AB,2020-03-24,583
25,PEK,BB,2020-03-24,417
26,WUH,BB,2020-03-24,304
27,WUH,YZ,2020-03-24,322
28,WUH,YZ,2020-03-24,354
29,CTU,BB,2020-03-25,371
30,CTU,XX,2020-03-25,455
31,CTU,YZ,2020-03-25,367
32,PEK,XX,2020-03-25,492
33,WUH,BB,2020-03-25,519
34,WUH,YZ,2020-03-25,522
35,CTU,XX,2020-03-26,442
36,CTU,XX,2020-03-26,305
37,PEK,XX,2020-03-26,347
38,WUH,BB,2020-03-26,331
39,CTU,XX,2020-03-28,325
40,CTU,YZ,2020-03-29,490
41,PEK,XX,2020-03-29,466
42,CTU,YZ,2020-03-30,483
43,PEK,BB,2020-03-30,360
44,WUH,YZ,2020-03-30,338
45,CAN,XX,2020-03-31,493
46,CTU,XX,2020-03-31,528
47,WUH,AB,2020-03-31,513
48,WUH,XX,2020-03-31,591
49,WUH,XX,2020-03-31,369
50,WUH,YZ,2020-03-31,524
51,CAN,BB,2020-04-01,559
52,CAN,YZ,2020-04-01,430
53,CTU,AB,2020-04-01,304
54,CTU,BB,2020-04-01,413
55,CAN,XX,2020-04-02,373
56,CAN,XX,2020-04-02,415
57,CAN,XX,2020-04-03,561
58,CTU,BB,2020-04-03,359
59,CAN,YZ,2020-04-04,458
60,CTU,BB,2020-04-04,496
61,PEK,BB,2020-04-04,319
62,WUH,YZ,2020-04-04,450
63,WUH,YZ,2020-04-04,504
64,CTU,XX,2020-04-05,509
65,PEK,AB,2020-04-05,437
66,WUH,BB,2020-04-05,475
67,WUH,XX,2020-04-05,586
68,CAN,XX,2020-04-06,312
69,CTU,AB,2020-04-06,422
70,CTU,BB,2020-04-06,393
71,PEK,XX,2020-04-06,434
72,PEK,XX,2020-04-06,564
73,WUH,AB,2020-04-06,516
74,WUH,XX,2020-04-06,513
75,WUH,YZ,2020-04-06,320
76,CAN,BB,2020-04-07,560
77,CTU,BB,2020-04-07,393
78,PEK,AB,2020-04-07,469
79,WUH,XX,2020-04-07,552
80,CAN,AB,2020-04-08,359
81,CAN,YZ,2020-04-08,455
82,PEK,YZ,2020-04-08,456
83,WUH,XX,2020-04-08,323
84,WUH,XX,2020-04-08,417
85,CAN,AB,2020-04-09,512
86,CTU,BB,2020-04-09,308
87,CAN,AB,2020-04-10,443
88,CAN,AB,2020-04-10,487
89,PEK,XX,2020-04-10,584
90,WUH,AB,2020-04-10,381
91,CAN,BB,2020-04-11,334
92,CTU,AB,2020-04-11,534
93,PEK,AB,2020-04-11,419
94,WUH,BB,2020-04-11,535
95,PEK,YZ,2020-04-12,321
96,CAN,BB,2020-04-13,332
97,CAN,XX,2020-04-13,305
98,CAN,YZ,2020-04-13,351
99,CTU,BB,2020-04-13,553
0,CAN,XX,2020-03-15,406
1,CAN,YZ,2020-03-15,571
2,CAN,YZ,2020-03-15,570
3,CTU,AB,2020-03-15,513
4,CTU,BB,2020-03-15,398
5,WUH,YZ,2020-03-15,520
6,CAN,YZ,2020-03-16,341
7,CTU,BB,2020-03-16,301
8,CTU,XX,2020-03-16,451
9,PEK,XX,2020-03-16,428
10,PEK,AB,2020-03-17,444
11,CTU,XX,2020-03-18,489
12,PEK,AB,2020-03-18,513
13,PEK,YZ,2020-03-18,517
14,WUH,YZ,2020-03-18,447
15,PEK,AB,2020-03-19,345
16,PEK,BB,2020-03-19,406
17,CAN,AB,2020-03-20,556
18,CTU,XX,2020-03-20,440
19,PEK,XX,2020-03-20,423
20,CAN,YZ,2020-03-21,368
21,CTU,XX,2020-03-21,444
22,CTU,YZ,2020-03-21,539
23,CAN,AB,2020-03-22,478
24,CAN,YZ,2020-03-22,477
25,CTU,AB,2020-03-22,413
26,PEK,AB,2020-03-22,432
27,CAN,XX,2020-03-23,379
28,CAN,XX,2020-03-23,394
29,CTU,AB,2020-03-23,397
30,PEK,BB,2020-03-23,439
31,PEK,YZ,2020-03-23,471
32,WUH,BB,2020-03-24,304
33,PEK,AB,2020-03-25,520
34,WUH,BB,2020-03-25,541
35,WUH,XX,2020-03-25,497
36,WUH,AB,2020-03-26,425
37,WUH,AB,2020-03-26,519
38,WUH,BB,2020-03-26,361
39,CAN,XX,2020-03-27,503
40,CTU,AB,2020-03-27,556
41,PEK,YZ,2020-03-27,512
42,WUH,XX,2020-03-27,334
43,CAN,BB,2020-03-28,361
44,CAN,BB,2020-03-28,392
45,CTU,XX,2020-03-28,381
46,CTU,XX,2020-03-28,305
47,CTU,AB,2020-03-29,388
48,CTU,AB,2020-03-29,374
49,PEK,BB,2020-03-29,415
50,PEK,BB,2020-03-29,581
51,CAN,XX,2020-03-30,472
52,WUH,YZ,2020-03-30,358
53,CTU,XX,2020-03-31,305
54,PEK,AB,2020-03-31,321
55,CAN,AB,2020-04-01,385
56,CAN,AB,2020-04-01,523
57,CTU,AB,2020-04-01,499
58,CTU,AB,2020-04-02,483
59,CTU,AB,2020-04-02,387
60,PEK,BB,2020-04-02,470
61,WUH,YZ,2020-04-02,577
62,CAN,AB,2020-04-03,506
63,CAN,BB,2020-04-03,356
64,CAN,XX,2020-04-03,484
65,CTU,AB,2020-04-03,575
66,PEK,XX,2020-04-03,436
67,PEK,YZ,2020-04-03,533
68,WUH,XX,2020-04-03,317
69,CAN,XX,2020-04-04,555
70,CTU,XX,2020-04-04,515
71,CTU,YZ,2020-04-04,412
72,PEK,BB,2020-04-04,341
73,WUH,BB,2020-04-04,599
74,WUH,XX,2020-04-04,413
75,CAN,BB,2020-04-05,406
76,CAN,YZ,2020-04-05,405
77,CTU,BB,2020-04-05,516
78,PEK,AB,2020-04-05,323
79,CAN,YZ,2020-04-06,402
80,PEK,XX,2020-04-06,467
81,PEK,BB,2020-04-07,385
82,CAN,XX,2020-04-09,466
83,CAN,YZ,2020-04-09,304
84,WUH,AB,2020-04-09,321
85,WUH,AB,2020-04-09,325
86,PEK,YZ,2020-04-10,465
87,WUH,YZ,2020-04-10,357
88,CAN,BB,2020-04-11,377
89,CTU,AB,2020-04-11,529
90,CTU,AB,2020-04-11,396
91,WUH,AB,2020-04-11,361
92,CTU,AB,2020-04-12,552
93,CTU,AB,2020-04-12,306
94,CTU,BB,2020-04-12,414
95,WUH,XX,2020-04-12,548
96,WUH,XX,2020-04-12,338
97,CAN,YZ,2020-04-13,372
98,CTU,BB,2020-04-13,560
99,WUH,YZ,2020-04-13,318
0,CAN,YZ,2020-03-15,537
1,CTU,XX,2020-03-15,453
2,PEK,BB,2020-03-15,451
3,CAN,BB,2020-03-16,492
4,CAN,YZ,2020-03-16,308
5,CAN,XX,2020-03-17,546
6,CTU,AB,2020-03-17,514
7,CTU,YZ,2020-03-17,515
8,PEK,BB,2020-03-17,338
9,CAN,BB,2020-03-18,422
10,CAN,YZ,2020-03-18,480
11,CTU,AB,2020-03-18,341
12,CTU,XX,2020-03-18,395
13,CTU,YZ,2020-03-18,468
14,PEK,XX,2020-03-18,339
15,PEK,YZ,2020-03-18,387
16,PEK,YZ,2020-03-18,301
17,WUH,BB,2020-03-18,566
18,WUH,XX,2020-03-18,380
19,WUH,BB,2020-03-19,567
20,WUH,AB,2020-03-20,496
21,WUH,YZ,2020-03-20,548
22,PEK,YZ,2020-03-21,517
23,WUH,YZ,2020-03-21,463
24,CAN,XX,2020-03-22,327
25,PEK,AB,2020-03-22,346
26,PEK,XX,2020-03-22,572
27,WUH,YZ,2020-03-22,305
28,CAN,BB,2020-03-23,479
29,CAN,YZ,2020-03-23,543
30,CTU,BB,2020-03-23,460
31,PEK,BB,2020-03-23,381
32,WUH,BB,2020-03-23,499
33,CAN,BB,2020-03-24,367
34,CAN,YZ,2020-03-24,337
35,CTU,AB,2020-03-24,433
36,CTU,BB,2020-03-24,496
37,PEK,BB,2020-03-24,322
38,WUH,AB,2020-03-24,555
39,WUH,BB,2020-03-24,367
40,CAN,BB,2020-03-25,540
41,CTU,AB,2020-03-25,571
42,CTU,BB,2020-03-26,557
43,CTU,BB,2020-03-26,537
44,WUH,XX,2020-03-26,397
45,PEK,BB,2020-03-27,335
46,WUH,BB,2020-03-27,593
47,CTU,AB,2020-03-28,357
48,CTU,YZ,2020-03-28,391
49,CTU,YZ,2020-03-28,471
50,CTU,BB,2020-03-29,321
51,PEK,XX,2020-03-29,500
52,PEK,XX,2020-03-30,424
53,PEK,BB,2020-03-31,467
54,CTU,XX,2020-04-01,507
55,WUH,BB,2020-04-01,370
56,WUH,BB,2020-04-01,322
57,WUH,YZ,2020-04-01,406
58,CTU,BB,2020-04-02,493
59,CTU,XX,2020-04-02,408
60,WUH,AB,2020-04-02,303
61,WUH,YZ,2020-04-02,332
62,CAN,YZ,2020-04-03,587
63,PEK,BB,2020-04-04,333
64,WUH,BB,2020-04-04,592
65,WUH,YZ,2020-04-04,504
66,WUH,YZ,2020-04-04,361
67,CAN,YZ,2020-04-05,370
68,PEK,XX,2020-04-05,336
69,WUH,BB,2020-04-05,401
70,CAN,AB,2020-04-06,414
71,PEK,YZ,2020-04-06,359
72,WUH,AB,2020-04-06,495
73,CAN,AB,2020-04-07,532
74,PEK,AB,2020-04-07,561
75,CAN,AB,2020-04-08,368
76,CTU,XX,2020-04-08,539
77,PEK,BB,2020-04-08,325
78,WUH,BB,2020-04-08,327
79,CTU,AB,2020-04-09,357
80,CTU,XX,2020-04-09,548
81,CTU,XX,2020-04-09,343
82,WUH,AB,2020-04-09,311
83,WUH,YZ,2020-04-09,544
84,WUH,XX,2020-04-10,342
85,WUH,XX,2020-04-10,445
86,WUH,YZ,2020-04-10,382
87,WUH,YZ,2020-04-10,540
88,PEK,YZ,2020-04-11,415
89,WUH,BB,2020-04-11,518
90,WUH,YZ,2020-04-11,333
91,CAN,AB,2020-04-12,312
92,CTU,YZ,2020-04-12,527
93,PEK,AB,2020-04-12,394
94,PEK,XX,2020-04-12,567
95,PEK,YZ,2020-04-12,530
96,WUH,BB,2020-04-12,532
97,WUH,XX,2020-04-12,449
98,CTU,AB,2020-04-13,454
99,WUH,BB,2020-04-13,334
0,CTU,BB,2020-03-15,453
1,PEK,BB,2020-03-15,560
2,WUH,AB,2020-03-15,406
3,WUH,XX,2020-03-15,393
4,CTU,YZ,2020-03-16,482
5,WUH,YZ,2020-03-16,536
6,CAN,AB,2020-03-17,512
7,CAN,XX,2020-03-17,548
8,PEK,XX,2020-03-17,561
9,WUH,BB,2020-03-17,549
10,CAN,BB,2020-03-18,333
11,CAN,XX,2020-03-18,386
12,CTU,AB,2020-03-18,593
13,CTU,AB,2020-03-18,382
14,PEK,BB,2020-03-18,341
15,WUH,AB,2020-03-18,405
16,WUH,AB,2020-03-18,412
17,CAN,BB,2020-03-19,558
18,CTU,BB,2020-03-19,423
19,PEK,YZ,2020-03-19,585
20,CAN,AB,2020-03-20,388
21,CAN,XX,2020-03-20,598
22,PEK,XX,2020-03-20,428
23,CAN,BB,2020-03-21,301
24,WUH,AB,2020-03-21,385
25,CTU,BB,2020-03-22,311
26,PEK,BB,2020-03-22,300
27,WUH,AB,2020-03-22,431
28,CTU,BB,2020-03-24,300
29,CTU,BB,2020-03-24,510
30,PEK,XX,2020-03-24,361
31,PEK,YZ,2020-03-24,326
32,WUH,YZ,2020-03-24,456
33,PEK,YZ,2020-03-25,347
34,WUH,BB,2020-03-25,593
35,CAN,YZ,2020-03-26,434
36,CTU,XX,2020-03-26,577
37,PEK,YZ,2020-03-26,384
38,WUH,YZ,2020-03-26,574
39,CAN,YZ,2020-03-28,400
40,CTU,AB,2020-03-28,414
41,CTU,XX,2020-03-28,570
42,PEK,AB,2020-03-28,422
43,PEK,BB,2020-03-28,301
44,PEK,XX,2020-03-28,502
45,PEK,XX,2020-03-28,348
46,CAN,YZ,2020-03-29,342
47,CTU,AB,2020-03-30,411
48,CTU,YZ,2020-03-30,330
49,WUH,BB,2020-03-30,390
50,CAN,YZ,2020-03-31,315
51,PEK,YZ,2020-03-31,346
52,CAN,BB,2020-04-01,382
53,PEK,AB,2020-04-01,540
54,PEK,AB,2020-04-01,329
55,WUH,BB,2020-04-01,451
56,CAN,AB,2020-04-02,428
57,CTU,BB,2020-04-02,312
58,CAN,XX,2020-04-03,572
59,CTU,YZ,2020-04-03,365
60,CAN,BB,2020-04-04,388
61,CTU,BB,2020-04-04,381
62,PEK,BB,2020-04-04,305
63,WUH,YZ,2020-04-04,333
64,CAN,YZ,2020-04-05,388
65,CTU,YZ,2020-04-05,456
66,PEK,YZ,2020-04-05,354
67,PEK,YZ,2020-04-05,558
68,WUH,BB,2020-04-05,373
69,WUH,YZ,2020-04-05,537
70,CTU,BB,2020-04-06,495
71,WUH,BB,2020-04-06,404
72,WUH,BB,2020-04-06,309
73,WUH,XX,2020-04-06,560
74,WUH,XX,2020-04-06,345
75,CAN,YZ,2020-04-07,561
76,CTU,XX,2020-04-08,364
77,CTU,XX,2020-04-08,566
78,CTU,YZ,2020-04-08,392
79,PEK,AB,2020-04-08,575
80,WUH,BB,2020-04-08,559
81,WUH,YZ,2020-04-08,581
82,PEK,BB,2020-04-09,304
83,PEK,XX,2020-04-09,336
84,WUH,XX,2020-04-09,317
85,WUH,XX,2020-04-09,315
86,CTU,XX,2020-04-10,362
87,CTU,YZ,2020-04-10,344
88,PEK,XX,2020-04-10,509
89,CAN,YZ,2020-04-11,376
90,WUH,BB,2020-04-11,321
91,CAN,AB,2020-04-12,442
92,CTU,AB,2020-04-12,516
93,CTU,AB,2020-04-12,459
94,CTU,XX,2020-04-12,529
95,PEK,BB,2020-04-12,430
96,PEK,XX,2020-04-12,595
97,PEK,AB,2020-04-13,396
98,WUH,YZ,2020-04-13,531
99,WUH,YZ,2020-04-13,419
0,CAN,AB,2020-03-15,537
1,PEK,XX,2020-03-15,536
2,WUH,AB,2020-03-15,578
3,WUH,BB,2020-03-15,316
4,CAN,BB,2020-03-16,511
5,CTU,YZ,2020-03-16,542
6,PEK,YZ,2020-03-16,536
7,CAN,XX,2020-03-17,499
8,CTU,AB,2020-03-17,377
9,CTU,BB,2020-03-17,534
10,PEK,BB,2020-03-17,382
11,WUH,AB,2020-03-17,457
12,CAN,YZ,2020-03-18,376
13,WUH,XX,2020-03-18,566
14,WUH,YZ,2020-03-18,441
15,CAN,BB,2020-03-19,324
16,CAN,BB,2020-03-19,383
17,CAN,YZ,2020-03-19,585
18,PEK,XX,2020-03-19,477
19,WUH,AB,2020-03-19,351
20,WUH,BB,2020-03-19,595
21,CTU,AB,2020-03-20,467
22,CTU,XX,2020-03-20,388
23,CAN,AB,2020-03-21,417
24,CAN,AB,2020-03-21,472
25,CAN,YZ,2020-03-21,516
26,CTU,AB,2020-03-21,471
27,PEK,AB,2020-03-21,483
28,PEK,YZ,2020-03-21,471
29,CAN,XX,2020-03-22,533
30,CTU,YZ,2020-03-22,455
31,PEK,AB,2020-03-22,597
32,WUH,AB,2020-03-22,481
33,WUH,AB,2020-03-22,518
34,WUH,AB,2020-03-23,571
35,WUH,BB,2020-03-23,316
36,CAN,YZ,2020-03-24,555
37,PEK,BB,2020-03-24,463
38,PEK,AB,2020-03-25,495
39,CAN,YZ,2020-03-26,415
40,WUH,BB,2020-03-26,430
41,CAN,BB,2020-03-28,377
42,PEK,AB,2020-03-28,568
43,WUH,XX,2020-03-28,558
44,CAN,AB,2020-03-29,568
45,CTU,BB,2020-03-29,416
46,PEK,BB,2020-03-29,504
47,PEK,AB,2020-03-30,430
48,PEK,YZ,2020-03-30,419
49,CTU,AB,2020-03-31,330
50,PEK,AB,2020-03-31,336
51,PEK,BB,2020-03-31,495
52,CAN,AB,2020-04-01,537
53,CAN,XX,2020-04-01,389
54,CTU,YZ,2020-04-01,370
55,PEK,AB,2020-04-01,494
56,PEK,XX,2020-04-01,328
57,PEK,XX,2020-04-01,353
58,WUH,XX,2020-04-01,532
59,CAN,AB,2020-04-02,368
60,CAN,YZ,2020-04-02,362
61,CAN,BB,2020-04-03,412
62,PEK,XX,2020-04-03,307
63,PEK,YZ,2020-04-03,400
64,WUH,XX,2020-04-03,535
65,WUH,XX,2020-04-03,364
66,CAN,AB,2020-04-04,348
67,CTU,YZ,2020-04-04,374
68,PEK,AB,2020-04-04,398
69,WUH,YZ,2020-04-04,552
70,CAN,BB,2020-04-05,395
71,PEK,YZ,2020-04-05,344
72,PEK,BB,2020-04-06,430
73,PEK,XX,2020-04-06,437
74,WUH,YZ,2020-04-06,436
75,PEK,AB,2020-04-07,496
76,PEK,YZ,2020-04-07,330
77,PEK,YZ,2020-04-08,562
78,WUH,AB,2020-04-08,384
79,WUH,BB,2020-04-08,587
80,WUH,XX,2020-04-08,505
81,CAN,BB,2020-04-09,301
82,CAN,YZ,2020-04-09,337
83,CTU,YZ,2020-04-09,517
84,WUH,BB,2020-04-09,500
85,CAN,YZ,2020-04-10,476
86,PEK,XX,2020-04-10,514
87,WUH,YZ,2020-04-10,393
88,CTU,BB,2020-04-11,446
89,PEK,XX,2020-04-11,348
90,PEK,XX,2020-04-11,306
91,CAN,XX,2020-04-12,312
92,CTU,AB,2020-04-12,569
93,PEK,BB,2020-04-12,539
94,WUH,AB,2020-04-12,566
95,WUH,YZ,2020-04-12,329
96,CAN,BB,2020-04-13,572
97,CTU,BB,2020-04-13,381
98,CTU,YZ,2020-04-13,348
99,PEK,YZ,2020-04-13,553
