flight_no,dep,arr,dep_date,arr_date,class,sub_class,price
HU7805,PEK,CAN,2020-03-25 08:30,2020-03-25 11:55,Y,A,545
HU7805,PEK,CAN,2020-03-25 08:30,2020-03-25 11:55,C,R,1465
CA1321,PEK,CAN,2020-03-25 09:00,2020-03-25 12:30,Y,K,450
CA1321,PEK,CAN,2020-03-25 09:00,2020-03-25 12:30,C,R,2410
CZ3000,PEK,CAN,2020-03-25 09:30,2020-03-25 12:40,Y,N,500
CZ3000,PEK,CAN,2020-03-25 09:30,2020-03-25 12:40,C,I,2700
CA1315,PEK,CAN,2020-03-25 11:00,2020-03-25 14:30,Y,K,450
CA1315,PEK,CAN,2020-03-25 11:00,2020-03-25 14:30,C,R,2410
CA1315,PEK,CAN,2020-03-25 11:00,2020-03-25 14:30,F,F,10160
MU5281,PEK,CAN,2020-03-25 12:10,2020-03-25 15:30,Y,H,500
MU5281,PEK,CAN,2020-03-25 12:10,2020-03-25 15:30,C,I,1800
CZ3106,PEK,CAN,2020-03-25 13:30,2020-03-25 16:45,Y,N,500
CZ3106,PEK,CAN,2020-03-25 13:30,2020-03-25 16:45,C,I,2700
CA1327,PEK,CAN,2020-03-25 14:00,2020-03-25 17:30,Y,K,450
CA1327,PEK,CAN,2020-03-25 14:00,2020-03-25 17:30,C,R,2410
HU7807,PEK,CAN,2020-03-25 14:10,2020-03-25 17:35,Y,U,505
HU7807,PEK,CAN,2020-03-25 14:10,2020-03-25 17:35,C,R,1605
CZ3162,PEK,CAN,2020-03-25 14:30,2020-03-25 17:55,Y,N,500
CZ3162,PEK,CAN,2020-03-25 14:30,2020-03-25 17:55,C,I,2700
CZ323,PEK,CAN,2020-03-25 16:30,2020-03-25 19:55,Y,N,500
CZ323,PEK,CAN,2020-03-25 16:30,2020-03-25 19:55,C,I,2700
CA1309,PEK,CAN,2020-03-25 18:00,2020-03-25 21:30,Y,K,450
CA1309,PEK,CAN,2020-03-25 18:00,2020-03-25 21:30,C,R,2290
CZ3178,PEK,CAN,2020-03-25 18:30,2020-03-25 21:40,Y,N,500
CZ3178,PEK,CAN,2020-03-25 18:30,2020-03-25 21:40,C,I,2700
GS7895,TSN,CAN,2020-03-25 11:20,2020-03-25 14:40,Y,T,329
GS7895,TSN,CAN,2020-03-25 11:20,2020-03-25 14:40,Y,T,329
GS7895,TSN,CAN,2020-03-25 11:20,2020-03-25 14:40,Y,T,329
HU7701,PEK,SZX,2020-03-25 17:15,2020-03-25 20:40,Y,T1,345
MU5391,PEK,SZX,2020-03-25 09:00,2020-03-25 12:25,Y,T,360
MU5391,PEK,SZX,2020-03-25 09:00,2020-03-25 12:25,Y,T,360
MU5391,PEK,SZX,2020-03-25 09:00,2020-03-25 12:25,Y,T,360
HU7709,PEK,SZX,2020-03-25 12:20,2020-03-25 15:55,Y,T,375
HU7709,PEK,SZX,2020-03-25 12:20,2020-03-25 15:55,Y,T,375
BK2788,TSN,CAN,2020-03-25 12:00,2020-03-25 15:15,Y,J1,400
HU7805,PEK,CAN,2020-03-26 08:30,2020-03-26 11:55,Y,A,545
HU7805,PEK,CAN,2020-03-26 08:30,2020-03-26 11:55,C,R,1465
CA1321,PEK,CAN,2020-03-26 09:00,2020-03-26 12:30,Y,K,450
CA1321,PEK,CAN,2020-03-26 09:00,2020-03-26 12:30,C,R,2410
CZ3000,PEK,CAN,2020-03-26 09:30,2020-03-26 12:40,Y,N,500
CZ3000,PEK,CAN,2020-03-26 09:30,2020-03-26 12:40,C,I,2700
CA1315,PEK,CAN,2020-03-26 11:00,2020-03-26 14:30,Y,K,450
CA1315,PEK,CAN,2020-03-26 11:00,2020-03-26 14:30,C,R,2410
CA1315,PEK,CAN,2020-03-26 11:00,2020-03-26 14:30,F,F,10160
MU5281,PEK,CAN,2020-03-26 12:10,2020-03-26 15:30,Y,H,500
MU5281,PEK,CAN,2020-03-26 12:10,2020-03-26 15:30,C,I,1800
CZ3106,PEK,CAN,2020-03-26 13:30,2020-03-26 16:45,Y,N,500
CZ3106,PEK,CAN,2020-03-26 13:30,2020-03-26 16:45,C,I,2700
CA1327,PEK,CAN,2020-03-26 14:00,2020-03-26 17:30,Y,K,450
CA1327,PEK,CAN,2020-03-26 14:00,2020-03-26 17:30,C,R,2410
HU7807,PEK,CAN,2020-03-26 14:10,2020-03-26 17:35,Y,U,505
HU7807,PEK,CAN,2020-03-26 14:10,2020-03-26 17:35,C,R,1605
CZ3162,PEK,CAN,2020-03-26 14:30,2020-03-26 18:10,Y,N,500
CZ3162,PEK,CAN,2020-03-26 14:30,2020-03-26 18:10,C,I,2700
CZ3104,PEK,CAN,2020-03-26 15:30,2020-03-26 19:15,Y,T,760
CZ3104,PEK,CAN,2020-03-26 15:30,2020-03-26 19:15,C,I,2700
CZ323,PEK,CAN,2020-03-26 16:30,2020-03-26 19:55,Y,N,500
CZ323,PEK,CAN,2020-03-26 16:30,2020-03-26 19:55,C,I,2700
CA1309,PEK,CAN,2020-03-26 18:00,2020-03-26 21:30,Y,K,450
CA1309,PEK,CAN,2020-03-26 18:00,2020-03-26 21:30,C,R,2290
CZ3178,PEK,CAN,2020-03-26 18:30,2020-03-26 22:10,Y,N,500
CZ3178,PEK,CAN,2020-03-26 18:30,2020-03-26 22:10,C,I,2700
ZH9112,PEK,SZX,2020-03-26 06:20,2020-03-26 12:05,Y,K,280
ZH9112,PEK,SZX,2020-03-26 06:20,2020-03-26 12:05,Y,K,280
ZH9112,PEK,SZX,2020-03-26 06:20,2020-03-26 12:05,Y,K,280
HU7701,PEK,SZX,2020-03-26 17:15,2020-03-26 20:40,Y,T1,345
CA4548,TSN,CAN,2020-03-26 17:15,2020-03-26 20:30,Y,K,410
CA4548,TSN,CAN,2020-03-26 17:15,2020-03-26 20:30,Y,K,410
MU5391,PEK,SZX,2020-03-26 09:00,2020-03-26 12:25,Y,T,360
MU5391,PEK,SZX,2020-03-26 09:00,2020-03-26 12:25,Y,T,360
MU5391,PEK,SZX,2020-03-26 09:00,2020-03-26 12:25,Y,T,360
HU7709,PEK,SZX,2020-03-26 12:20,2020-03-26 15:55,Y,T,375
HU7805,PEK,CAN,2020-03-27 08:30,2020-03-27 11:55,Y,A,545
HU7805,PEK,CAN,2020-03-27 08:30,2020-03-27 11:55,C,R,1465
CA1321,PEK,CAN,2020-03-27 09:00,2020-03-27 12:30,Y,P,760
CA1321,PEK,CAN,2020-03-27 09:00,2020-03-27 12:30,C,R,2410
CZ3000,PEK,CAN,2020-03-27 09:30,2020-03-27 12:40,Y,N,500
CZ3000,PEK,CAN,2020-03-27 09:30,2020-03-27 12:40,C,I,2800
CA1315,PEK,CAN,2020-03-27 11:00,2020-03-27 14:30,Y,K,450
CA1315,PEK,CAN,2020-03-27 11:00,2020-03-27 14:30,C,R,2410
CA1315,PEK,CAN,2020-03-27 11:00,2020-03-27 14:30,F,F,10160
MU5281,PEK,CAN,2020-03-27 12:10,2020-03-27 15:30,Y,H,500
MU5281,PEK,CAN,2020-03-27 12:10,2020-03-27 15:30,C,I,1800
CZ3106,PEK,CAN,2020-03-27 13:30,2020-03-27 16:45,Y,N,500
CZ3106,PEK,CAN,2020-03-27 13:30,2020-03-27 16:45,C,I,2800
CA1327,PEK,CAN,2020-03-27 14:00,2020-03-27 17:30,Y,P,760
CA1327,PEK,CAN,2020-03-27 14:00,2020-03-27 17:30,C,R,2410
HU7807,PEK,CAN,2020-03-27 14:10,2020-03-27 17:35,Y,U,505
HU7807,PEK,CAN,2020-03-27 14:10,2020-03-27 17:35,C,R,1605
CZ3162,PEK,CAN,2020-03-27 14:30,2020-03-27 18:15,Y,N,500
CZ3162,PEK,CAN,2020-03-27 14:30,2020-03-27 18:15,C,I,2800
CZ3104,PEK,CAN,2020-03-27 15:30,2020-03-27 19:15,Y,T,760
CZ3104,PEK,CAN,2020-03-27 15:30,2020-03-27 19:15,C,I,2800
CZ323,PEK,CAN,2020-03-27 16:30,2020-03-27 19:55,Y,N,500
CZ323,PEK,CAN,2020-03-27 16:30,2020-03-27 19:55,C,I,2800
CA1309,PEK,CAN,2020-03-27 18:00,2020-03-27 21:30,Y,K,450
CA1309,PEK,CAN,2020-03-27 18:00,2020-03-27 21:30,C,R,2290
CZ3178,PEK,CAN,2020-03-27 18:30,2020-03-27 21:40,Y,N,500
CZ3178,PEK,CAN,2020-03-27 18:30,2020-03-27 21:40,C,C,5400
GS7895,TSN,CAN,2020-03-27 11:20,2020-03-27 14:40,Y,T,302
GS7895,TSN,CAN,2020-03-27 11:20,2020-03-27 14:40,Y,T,302
GS7895,TSN,CAN,2020-03-27 11:20,2020-03-27 14:40,Y,T,302
HU7701,PEK,SZX,2020-03-27 17:15,2020-03-27 20:40,Y,T1,345
MU5391,PEK,SZX,2020-03-27 09:00,2020-03-27 12:25,Y,T,360
MU5391,PEK,SZX,2020-03-27 09:00,2020-03-27 12:25,Y,T,360
MU5391,PEK,SZX,2020-03-27 09:00,2020-03-27 12:25,Y,T,360
HU7709,PEK,SZX,2020-03-27 12:20,2020-03-27 15:55,Y,T,375
HU7709,PEK,SZX,2020-03-27 12:20,2020-03-27 15:55,Y,T,375
CZ3136,TSN,CAN,2020-03-27 20:35,2020-03-27 23:40,Y,R,400
HU7805,PEK,CAN,2020-03-28 08:30,2020-03-28 11:55,Y,A,545
HU7805,PEK,CAN,2020-03-28 08:30,2020-03-28 11:55,C,R,1465
CA1321,PEK,CAN,2020-03-28 09:00,2020-03-28 12:30,Y,P,760
CA1321,PEK,CAN,2020-03-28 09:00,2020-03-28 12:30,C,R,2410
CZ3000,PEK,CAN,2020-03-28 09:30,2020-03-28 12:40,Y,N,500
CZ3000,PEK,CAN,2020-03-28 09:30,2020-03-28 12:40,C,I,2700
CA1315,PEK,CAN,2020-03-28 11:00,2020-03-28 14:30,Y,P,760
CA1315,PEK,CAN,2020-03-28 11:00,2020-03-28 14:30,C,R,2410
CA1315,PEK,CAN,2020-03-28 11:00,2020-03-28 14:30,F,F,10160
MU5281,PEK,CAN,2020-03-28 12:10,2020-03-28 15:30,Y,H,500
MU5281,PEK,CAN,2020-03-28 12:10,2020-03-28 15:30,C,I,1800
CZ3106,PEK,CAN,2020-03-28 13:30,2020-03-28 16:45,Y,N,500
CZ3106,PEK,CAN,2020-03-28 13:30,2020-03-28 16:45,C,I,2700
CA1327,PEK,CAN,2020-03-28 14:00,2020-03-28 17:30,Y,P,760
CA1327,PEK,CAN,2020-03-28 14:00,2020-03-28 17:30,C,R,2410
HU7807,PEK,CAN,2020-03-28 14:10,2020-03-28 17:35,Y,U,505
HU7807,PEK,CAN,2020-03-28 14:10,2020-03-28 17:35,C,I,2535
CZ3162,PEK,CAN,2020-03-28 14:30,2020-03-28 18:10,Y,N,500
CZ3162,PEK,CAN,2020-03-28 14:30,2020-03-28 18:10,C,I,2700
CZ3104,PEK,CAN,2020-03-28 15:30,2020-03-28 19:15,Y,T,760
CZ3104,PEK,CAN,2020-03-28 15:30,2020-03-28 19:15,C,I,2700
CZ323,PEK,CAN,2020-03-28 16:30,2020-03-28 20:15,Y,N,500
CZ323,PEK,CAN,2020-03-28 16:30,2020-03-28 20:15,C,I,2700
CA1309,PEK,CAN,2020-03-28 18:00,2020-03-28 21:30,Y,P,760
CA1309,PEK,CAN,2020-03-28 18:00,2020-03-28 21:30,C,R,2290
CZ3178,PEK,CAN,2020-03-28 18:30,2020-03-28 22:10,Y,N,500
CZ3178,PEK,CAN,2020-03-28 18:30,2020-03-28 22:10,C,I,2700
CA8181,PKX,CAN,2020-03-28 18:45,2020-03-28 22:10,Y,P,760
CA8181,PKX,CAN,2020-03-28 18:45,2020-03-28 22:10,C,R,2290
ZH9112,PEK,SZX,2020-03-28 06:20,2020-03-28 12:05,Y,K,280
ZH9112,PEK,SZX,2020-03-28 06:20,2020-03-28 12:05,Y,K,280
ZH9112,PEK,SZX,2020-03-28 06:20,2020-03-28 12:05,Y,K,280
HU7701,PEK,SZX,2020-03-28 17:15,2020-03-28 20:40,Y,T1,345
CA4548,TSN,CAN,2020-03-28 17:15,2020-03-28 20:30,Y,K,410
CA4548,TSN,CAN,2020-03-28 17:15,2020-03-28 20:30,Y,K,410
MU5391,PEK,SZX,2020-03-28 09:00,2020-03-28 12:25,Y,T,360
MU5391,PEK,SZX,2020-03-28 09:00,2020-03-28 12:25,Y,T,360
MU5391,PEK,SZX,2020-03-28 09:00,2020-03-28 12:25,Y,T,360
HU7709,PEK,SZX,2020-03-28 12:20,2020-03-28 15:55,Y,T,375
MU5181,PEK,CAN,2020-03-29 06:55,2020-03-29 10:25,Y,T,410
MU5181,PEK,CAN,2020-03-29 06:55,2020-03-29 10:25,C,I,1800
HU7805,PEK,CAN,2020-03-29 08:05,2020-03-29 11:25,Y,A,545
HU7805,PEK,CAN,2020-03-29 08:05,2020-03-29 11:25,C,R,1465
CA1351,PEK,CAN,2020-03-29 08:00,2020-03-29 11:30,Y,K,450
CA1351,PEK,CAN,2020-03-29 08:00,2020-03-29 11:30,C,R,2290
CZ3108,PEK,CAN,2020-03-29 08:30,2020-03-29 12:00,Y,T,760
CZ3108,PEK,CAN,2020-03-29 08:30,2020-03-29 12:00,C,I,2190
CA1321,PEK,CAN,2020-03-29 09:00,2020-03-29 12:30,Y,K,450
CA1321,PEK,CAN,2020-03-29 09:00,2020-03-29 12:30,C,R,2410
CZ3000,PEK,CAN,2020-03-29 09:30,2020-03-29 12:40,Y,N,500
CZ3000,PEK,CAN,2020-03-29 09:30,2020-03-29 12:40,C,I,2080
CZ3112,PEK,CAN,2020-03-29 10:30,2020-03-29 13:45,Y,T,760
CZ3112,PEK,CAN,2020-03-29 10:30,2020-03-29 13:45,C,J,7620
CA1315,PEK,CAN,2020-03-29 11:00,2020-03-29 14:30,Y,K,450
CA1315,PEK,CAN,2020-03-29 11:00,2020-03-29 14:30,C,R,2410
CA1315,PEK,CAN,2020-03-29 11:00,2020-03-29 14:30,F,F,10160
CA1339,PEK,CAN,2020-03-29 11:55,2020-03-29 15:30,Y,K,450
CA1339,PEK,CAN,2020-03-29 11:55,2020-03-29 15:30,C,R,2290
MU5281,PEK,CAN,2020-03-29 12:10,2020-03-29 15:30,Y,H,500
MU5281,PEK,CAN,2020-03-29 12:10,2020-03-29 15:30,C,I,1800
CZ3102,PEK,CAN,2020-03-29 12:30,2020-03-29 16:10,Y,T,760
CZ3102,PEK,CAN,2020-03-29 12:30,2020-03-29 16:10,C,J,7620
CZ3116,PKX,CAN,2020-03-29 13:00,2020-03-29 16:25,Y,Z,960
CZ3116,PKX,CAN,2020-03-29 13:00,2020-03-29 16:25,C,I,2060
CZ3106,PEK,CAN,2020-03-29 13:30,2020-03-29 16:45,Y,N,500
CZ3106,PEK,CAN,2020-03-29 13:30,2020-03-29 16:45,C,I,2310
CA1327,PEK,CAN,2020-03-29 13:50,2020-03-29 17:30,Y,K,450
CA1327,PEK,CAN,2020-03-29 13:50,2020-03-29 17:30,C,R,2410
HU7807,PEK,CAN,2020-03-29 13:55,2020-03-29 17:30,Y,A,685
HU7807,PEK,CAN,2020-03-29 13:55,2020-03-29 17:30,C,I,2535
KN5899,PKX,CAN,2020-03-29 14:10,2020-03-29 17:35,Y,I,458
CZ3162,PEK,CAN,2020-03-29 14:30,2020-03-29 18:10,Y,N,500
CZ3162,PEK,CAN,2020-03-29 14:30,2020-03-29 18:10,C,I,2310
CA1301,PEK,CAN,2020-03-29 14:55,2020-03-29 18:30,Y,K,450
CA1301,PEK,CAN,2020-03-29 14:55,2020-03-29 18:30,C,R,2290
CZ3104,PEK,CAN,2020-03-29 15:30,2020-03-29 19:00,Y,T,760
CZ3104,PEK,CAN,2020-03-29 15:30,2020-03-29 19:00,C,I,2310
CA1365,PEK,CAN,2020-03-29 16:00,2020-03-29 19:30,Y,K,450
CA1365,PEK,CAN,2020-03-29 16:00,2020-03-29 19:30,C,R,2160
HU7801,PEK,CAN,2020-03-29 16:15,2020-03-29 19:35,Y,T,645
HU7801,PEK,CAN,2020-03-29 16:15,2020-03-29 19:35,C,I,2535
CZ323,PEK,CAN,2020-03-29 16:30,2020-03-29 19:55,Y,N,500
CZ323,PEK,CAN,2020-03-29 16:30,2020-03-29 19:55,C,I,2310
CZ3122,PEK,CAN,2020-03-29 17:30,2020-03-29 20:55,Y,T,760
CZ3122,PEK,CAN,2020-03-29 17:30,2020-03-29 20:55,C,J,7620
HU7809,PEK,CAN,2020-03-29 17:30,2020-03-29 21:00,Y,N,965
HU7809,PEK,CAN,2020-03-29 17:30,2020-03-29 21:00,C,I,2535
CA1309,PEK,CAN,2020-03-29 18:00,2020-03-29 21:30,Y,K,450
CA1309,PEK,CAN,2020-03-29 18:00,2020-03-29 21:30,C,R,2290
CZ3178,PEK,CAN,2020-03-29 18:30,2020-03-29 21:40,Y,N,500
CZ3178,PEK,CAN,2020-03-29 18:30,2020-03-29 21:40,C,I,2100
CA8181,PKX,CAN,2020-03-29 18:45,2020-03-29 22:10,Y,K,640
CA8181,PKX,CAN,2020-03-29 18:45,2020-03-29 22:10,C,R,2290
CA1379,PEK,CAN,2020-03-29 19:05,2020-03-29 22:35,Y,K,450
CA1379,PEK,CAN,2020-03-29 19:05,2020-03-29 22:35,C,R,2160
CZ3110,PEK,CAN,2020-03-29 19:30,2020-03-29 22:55,Y,T,760
CZ3110,PEK,CAN,2020-03-29 19:30,2020-03-29 22:55,C,J,7620
CZ3100,PEK,CAN,2020-03-29 20:30,2020-03-29 23:50,Y,T,720
CZ3100,PEK,CAN,2020-03-29 20:30,2020-03-29 23:50,C,D,2430
CA1329,PEK,CAN,2020-03-29 21:00,2020-03-30 00:30,Y,K,450
CA1329,PEK,CAN,2020-03-29 21:00,2020-03-30 00:30,C,R,2160
HU7803,PEK,CAN,2020-03-29 21:35,2020-03-30 00:50,Y,T2,505
HU7803,PEK,CAN,2020-03-29 21:35,2020-03-30 00:50,C,R,1885
CZ3114,PEK,CAN,2020-03-29 21:30,2020-03-30 00:55,Y,N,500
CZ3114,PEK,CAN,2020-03-29 21:30,2020-03-30 00:55,C,I,2100
MU5132,PEK,CAN,2020-03-29 11:10,2020-03-29 16:50,Y,T,410
MU5132,PEK,CAN,2020-03-29 11:10,2020-03-29 16:50,C,I,1800
JD5720,HET,CAN,2020-03-29 21:00,2020-03-30 00:35,Y,W1,300
CA1397,PEK,SZX,2020-03-29 14:15,2020-03-29 17:45,Y,K,400
MU5391,PEK,SZX,2020-03-29 09:00,2020-03-29 12:25,Y,T,360
MU5391,PEK,SZX,2020-03-29 09:00,2020-03-29 12:25,Y,T,360
MU5391,PEK,SZX,2020-03-29 09:00,2020-03-29 12:25,Y,T,360
CZ3194,PEK,SZX,2020-03-29 08:00,2020-03-29 11:30,Y,R,400
CA1397,PEK,SZX,2020-03-29 14:15,2020-03-29 17:45,Y,K,400
ZH9104,PEK,SZX,2020-03-29 14:25,2020-03-29 18:05,Y,K,400
CA1303,PEK,SZX,2020-03-29 13:15,2020-03-29 16:55,Y,K,400
ZH9104,PEK,SZX,2020-03-29 14:25,2020-03-29 18:05,Y,K,400
MU5181,PEK,CAN,2020-03-30 06:55,2020-03-30 10:25,Y,T,410
MU5181,PEK,CAN,2020-03-30 06:55,2020-03-30 10:25,C,I,1800
CZ3166,PEK,CAN,2020-03-30 07:30,2020-03-30 11:00,Y,R,450
CZ3166,PEK,CAN,2020-03-30 07:30,2020-03-30 11:00,C,I,2190
CA1351,PEK,CAN,2020-03-30 08:00,2020-03-30 11:30,Y,K,450
CA1351,PEK,CAN,2020-03-30 08:00,2020-03-30 11:30,C,R,2290
HU7805,PEK,CAN,2020-03-30 08:05,2020-03-30 11:25,Y,A,545
HU7805,PEK,CAN,2020-03-30 08:05,2020-03-30 11:25,C,R,1465
CZ3108,PEK,CAN,2020-03-30 08:30,2020-03-30 11:45,Y,T,760
CZ3108,PEK,CAN,2020-03-30 08:30,2020-03-30 11:45,C,I,2190
CA1321,PEK,CAN,2020-03-30 09:00,2020-03-30 12:30,Y,K,450
CA1321,PEK,CAN,2020-03-30 09:00,2020-03-30 12:30,C,R,2410
CZ3000,PEK,CAN,2020-03-30 09:30,2020-03-30 12:40,Y,N,500
CZ3000,PEK,CAN,2020-03-30 09:30,2020-03-30 12:40,C,I,2080
CZ3112,PEK,CAN,2020-03-30 10:30,2020-03-30 13:45,Y,T,760
CZ3112,PEK,CAN,2020-03-30 10:30,2020-03-30 13:45,C,D,2400
CA1315,PEK,CAN,2020-03-30 11:00,2020-03-30 14:30,Y,K,450
CA1315,PEK,CAN,2020-03-30 11:00,2020-03-30 14:30,C,R,2410
CA1315,PEK,CAN,2020-03-30 11:00,2020-03-30 14:30,F,F,10160
CA1339,PEK,CAN,2020-03-30 12:00,2020-03-30 15:30,Y,K,450
CA1339,PEK,CAN,2020-03-30 12:00,2020-03-30 15:30,C,R,2290
MU5281,PEK,CAN,2020-03-30 12:10,2020-03-30 15:30,Y,H,500
MU5281,PEK,CAN,2020-03-30 12:10,2020-03-30 15:30,C,I,1800
CZ3102,PEK,CAN,2020-03-30 12:30,2020-03-30 15:55,Y,T,760
CZ3102,PEK,CAN,2020-03-30 12:30,2020-03-30 15:55,C,I,2080
CZ3116,PKX,CAN,2020-03-30 13:00,2020-03-30 16:25,Y,T,920
CZ3116,PKX,CAN,2020-03-30 13:00,2020-03-30 16:25,C,I,2060
CZ3106,PEK,CAN,2020-03-30 13:30,2020-03-30 16:45,Y,N,500
CZ3106,PEK,CAN,2020-03-30 13:30,2020-03-30 16:45,C,I,2310
CA1327,PEK,CAN,2020-03-30 13:50,2020-03-30 17:30,Y,K,450
CA1327,PEK,CAN,2020-03-30 13:50,2020-03-30 17:30,C,R,2410
HU7807,PEK,CAN,2020-03-30 14:05,2020-03-30 17:30,Y,A,685
HU7807,PEK,CAN,2020-03-30 14:05,2020-03-30 17:30,C,I,2535
KN5899,PKX,CAN,2020-03-30 14:10,2020-03-30 17:35,Y,I,458
CZ3162,PEK,CAN,2020-03-30 14:30,2020-03-30 18:10,Y,N,500
CZ3162,PEK,CAN,2020-03-30 14:30,2020-03-30 18:10,C,I,2310
CA1301,PEK,CAN,2020-03-30 14:55,2020-03-30 18:30,Y,K,450
CA1301,PEK,CAN,2020-03-30 14:55,2020-03-30 18:30,C,R,2290
CZ3104,PEK,CAN,2020-03-30 15:30,2020-03-30 19:00,Y,T,760
CZ3104,PEK,CAN,2020-03-30 15:30,2020-03-30 19:00,C,I,2310
CA1365,PEK,CAN,2020-03-30 16:00,2020-03-30 19:30,Y,K,450
CA1365,PEK,CAN,2020-03-30 16:00,2020-03-30 19:30,C,R,2160
HU7801,PEK,CAN,2020-03-30 16:15,2020-03-30 19:35,Y,T,645
HU7801,PEK,CAN,2020-03-30 16:15,2020-03-30 19:35,C,I,2535
CZ323,PEK,CAN,2020-03-30 16:30,2020-03-30 19:55,Y,N,500
CZ323,PEK,CAN,2020-03-30 16:30,2020-03-30 19:55,C,I,2310
CZ3122,PEK,CAN,2020-03-30 17:30,2020-03-30 20:55,Y,T,760
CZ3122,PEK,CAN,2020-03-30 17:30,2020-03-30 20:55,C,D,2430
HU7809,PEK,CAN,2020-03-30 17:30,2020-03-30 21:00,Y,N,965
HU7809,PEK,CAN,2020-03-30 17:30,2020-03-30 21:00,C,I,2535
CA1309,PEK,CAN,2020-03-30 18:00,2020-03-30 21:30,Y,K,450
CA1309,PEK,CAN,2020-03-30 18:00,2020-03-30 21:30,C,R,2290
CZ3178,PEK,CAN,2020-03-30 18:30,2020-03-30 22:10,Y,N,500
CZ3178,PEK,CAN,2020-03-30 18:30,2020-03-30 22:10,C,I,2100
CA8181,PKX,CAN,2020-03-30 18:45,2020-03-30 22:10,Y,K,640
CA8181,PKX,CAN,2020-03-30 18:45,2020-03-30 22:10,C,R,2290
CA1379,PEK,CAN,2020-03-30 19:05,2020-03-30 22:35,Y,K,450
CA1379,PEK,CAN,2020-03-30 19:05,2020-03-30 22:35,C,R,2160
CZ3110,PEK,CAN,2020-03-30 19:30,2020-03-30 23:05,Y,T,760
CZ3110,PEK,CAN,2020-03-30 19:30,2020-03-30 23:05,C,I,2100
CZ3100,PEK,CAN,2020-03-30 20:30,2020-03-30 23:50,Y,T,720
CZ3100,PEK,CAN,2020-03-30 20:30,2020-03-30 23:50,C,I,2100
CA1329,PEK,CAN,2020-03-30 21:00,2020-03-31 00:30,Y,K,450
CA1329,PEK,CAN,2020-03-30 21:00,2020-03-31 00:30,C,R,2160
CZ3114,PEK,CAN,2020-03-30 21:30,2020-03-31 01:00,Y,N,500
CZ3114,PEK,CAN,2020-03-30 21:30,2020-03-31 01:00,C,I,2100
HU7803,PEK,CAN,2020-03-30 21:35,2020-03-31 00:50,Y,T2,505
HU7803,PEK,CAN,2020-03-30 21:35,2020-03-31 00:50,C,R,1885
MU5132,PEK,CAN,2020-03-30 11:10,2020-03-30 16:50,Y,T,410
MU5132,PEK,CAN,2020-03-30 11:10,2020-03-30 16:50,C,I,1800
ZH9112,PEK,SZX,2020-03-30 06:20,2020-03-30 12:05,Y,K,280
ZH9112,PEK,SZX,2020-03-30 06:20,2020-03-30 12:05,Y,K,280
ZH9112,PEK,SZX,2020-03-30 06:20,2020-03-30 12:05,Y,K,280
GS7895,TSN,CAN,2020-03-30 11:20,2020-03-30 14:40,Y,T,334
GS7895,TSN,CAN,2020-03-30 11:20,2020-03-30 14:40,Y,T,334
GS7895,TSN,CAN,2020-03-30 11:20,2020-03-30 14:40,Y,T,334
CA1397,PEK,SZX,2020-03-30 14:15,2020-03-30 17:45,Y,K,400
CZ3194,PEK,SZX,2020-03-30 08:00,2020-03-30 11:30,Y,R,400
MU5391,PEK,SZX,2020-03-30 09:00,2020-03-30 12:25,Y,T,360
MU5391,PEK,SZX,2020-03-30 09:00,2020-03-30 12:25,Y,T,360
MU5181,PEK,CAN,2020-03-31 06:55,2020-03-31 10:25,Y,T,410
MU5181,PEK,CAN,2020-03-31 06:55,2020-03-31 10:25,C,I,1800
CZ3166,PEK,CAN,2020-03-31 07:30,2020-03-31 10:55,Y,R,450
CZ3166,PEK,CAN,2020-03-31 07:30,2020-03-31 10:55,C,I,2190
CA1351,PEK,CAN,2020-03-31 08:00,2020-03-31 11:30,Y,K,450
CA1351,PEK,CAN,2020-03-31 08:00,2020-03-31 11:30,C,R,2290
HU7805,PEK,CAN,2020-03-31 08:05,2020-03-31 11:25,Y,A,545
HU7805,PEK,CAN,2020-03-31 08:05,2020-03-31 11:25,C,R,1465
CZ3108,PEK,CAN,2020-03-31 08:30,2020-03-31 11:45,Y,T,760
CZ3108,PEK,CAN,2020-03-31 08:30,2020-03-31 11:45,C,I,2190
CA1321,PEK,CAN,2020-03-31 09:00,2020-03-31 12:30,Y,K,450
CA1321,PEK,CAN,2020-03-31 09:00,2020-03-31 12:30,C,R,2410
CA1321,PEK,CAN,2020-03-31 09:00,2020-03-31 12:30,F,F,10160
CZ3000,PEK,CAN,2020-03-31 09:30,2020-03-31 12:40,Y,N,500
CZ3000,PEK,CAN,2020-03-31 09:30,2020-03-31 12:40,C,I,2080
KN5895,PKX,CAN,2020-03-31 09:40,2020-03-31 13:25,Y,V,455
CZ3112,PEK,CAN,2020-03-31 10:30,2020-03-31 13:45,Y,T,760
CZ3112,PEK,CAN,2020-03-31 10:30,2020-03-31 13:45,C,D,2400
CA1315,PEK,CAN,2020-03-31 11:00,2020-03-31 14:30,Y,K,450
CA1315,PEK,CAN,2020-03-31 11:00,2020-03-31 14:30,C,R,2410
CA1315,PEK,CAN,2020-03-31 11:00,2020-03-31 14:30,F,F,10160
CA1339,PEK,CAN,2020-03-31 12:00,2020-03-31 15:30,Y,K,450
CA1339,PEK,CAN,2020-03-31 12:00,2020-03-31 15:30,C,R,2290
MU5281,PEK,CAN,2020-03-31 12:10,2020-03-31 15:30,Y,H,500
MU5281,PEK,CAN,2020-03-31 12:10,2020-03-31 15:30,C,I,1800
CZ3102,PEK,CAN,2020-03-31 12:30,2020-03-31 16:00,Y,T,760
CZ3102,PEK,CAN,2020-03-31 12:30,2020-03-31 16:00,C,I,2080
CZ3116,PKX,CAN,2020-03-31 13:00,2020-03-31 16:25,Y,T,920
CZ3116,PKX,CAN,2020-03-31 13:00,2020-03-31 16:25,C,I,2060
CZ3106,PEK,CAN,2020-03-31 13:30,2020-03-31 17:00,Y,N,500
CZ3106,PEK,CAN,2020-03-31 13:30,2020-03-31 17:00,C,I,2310
CA1327,PEK,CAN,2020-03-31 13:50,2020-03-31 17:30,Y,K,450
CA1327,PEK,CAN,2020-03-31 13:50,2020-03-31 17:30,C,R,2410
HU7807,PEK,CAN,2020-03-31 13:55,2020-03-31 17:30,Y,A,685
HU7807,PEK,CAN,2020-03-31 13:55,2020-03-31 17:30,C,I,2535
KN5899,PKX,CAN,2020-03-31 14:10,2020-03-31 17:35,Y,V,455
CZ3162,PEK,CAN,2020-03-31 14:30,2020-03-31 18:10,Y,N,500
CZ3162,PEK,CAN,2020-03-31 14:30,2020-03-31 18:10,C,I,2310
CA1301,PEK,CAN,2020-03-31 15:00,2020-03-31 18:30,Y,K,450
CA1301,PEK,CAN,2020-03-31 15:00,2020-03-31 18:30,C,R,2290
CZ3104,PEK,CAN,2020-03-31 15:30,2020-03-31 19:00,Y,T,760
CZ3104,PEK,CAN,2020-03-31 15:30,2020-03-31 19:00,C,I,2310
CA1365,PEK,CAN,2020-03-31 16:00,2020-03-31 19:30,Y,K,450
CA1365,PEK,CAN,2020-03-31 16:00,2020-03-31 19:30,C,R,2160
HU7801,PEK,CAN,2020-03-31 16:15,2020-03-31 19:35,Y,T,645
HU7801,PEK,CAN,2020-03-31 16:15,2020-03-31 19:35,C,I,2535
CZ323,PEK,CAN,2020-03-31 16:30,2020-03-31 19:55,Y,N,500
CZ323,PEK,CAN,2020-03-31 16:30,2020-03-31 19:55,C,I,2310
CZ3122,PEK,CAN,2020-03-31 17:30,2020-03-31 20:55,Y,T,760
CZ3122,PEK,CAN,2020-03-31 17:30,2020-03-31 20:55,C,D,2430
HU7809,PEK,CAN,2020-03-31 17:30,2020-03-31 21:00,Y,T,645
HU7809,PEK,CAN,2020-03-31 17:30,2020-03-31 21:00,C,I,2535
CA1309,PEK,CAN,2020-03-31 18:00,2020-03-31 21:30,Y,K,450
CA1309,PEK,CAN,2020-03-31 18:00,2020-03-31 21:30,C,R,2290
CZ3178,PEK,CAN,2020-03-31 18:30,2020-03-31 22:10,Y,N,500
CZ3178,PEK,CAN,2020-03-31 18:30,2020-03-31 22:10,C,I,2100
CA8181,PKX,CAN,2020-03-31 18:45,2020-03-31 22:10,Y,K,640
CA8181,PKX,CAN,2020-03-31 18:45,2020-03-31 22:10,C,R,2290
CA1379,PEK,CAN,2020-03-31 19:05,2020-03-31 22:35,Y,K,450
CA1379,PEK,CAN,2020-03-31 19:05,2020-03-31 22:35,C,R,2160
CZ3110,PEK,CAN,2020-03-31 19:30,2020-03-31 22:55,Y,T,760
CZ3110,PEK,CAN,2020-03-31 19:30,2020-03-31 22:55,C,I,2100
CZ3100,PEK,CAN,2020-03-31 20:30,2020-03-31 23:50,Y,T,720
CZ3100,PEK,CAN,2020-03-31 20:30,2020-03-31 23:50,C,I,2100
CA1329,PEK,CAN,2020-03-31 21:00,2020-04-01 00:30,Y,K,450
CA1329,PEK,CAN,2020-03-31 21:00,2020-04-01 00:30,C,R,2160
CZ3114,PEK,CAN,2020-03-31 21:30,2020-04-01 00:55,Y,N,500
CZ3114,PEK,CAN,2020-03-31 21:30,2020-04-01 00:55,C,I,2100
HU7803,PEK,CAN,2020-03-31 21:35,2020-04-01 00:50,Y,T2,505
HU7803,PEK,CAN,2020-03-31 21:35,2020-04-01 00:50,C,R,1885
MU5132,PEK,CAN,2020-03-31 11:10,2020-03-31 16:50,Y,H,500
MU5132,PEK,CAN,2020-03-31 11:10,2020-03-31 16:50,C,Q,2150
KN5897,PKX,CAN,2020-03-31 12:00,2020-03-31 15:20,Y,I,467
MU5181,PEK,CAN,2020-04-01 07:00,2020-04-01 10:25,Y,T,410
MU5181,PEK,CAN,2020-04-01 07:00,2020-04-01 10:25,C,I,1800
CZ3166,PEK,CAN,2020-04-01 07:30,2020-04-01 10:55,Y,R,500
CZ3166,PEK,CAN,2020-04-01 07:30,2020-04-01 10:55,C,I,2190
HU7805,PEK,CAN,2020-04-01 08:05,2020-04-01 11:25,Y,T,650
HU7805,PEK,CAN,2020-04-01 08:05,2020-04-01 11:25,C,I,2540
CA1351,PEK,CAN,2020-04-01 08:00,2020-04-01 11:30,Y,K,620
CA1351,PEK,CAN,2020-04-01 08:00,2020-04-01 11:30,C,R,2410
CA1351,PEK,CAN,2020-04-01 08:00,2020-04-01 11:30,F,F,10160
CZ3108,PEK,CAN,2020-04-01 08:30,2020-04-01 12:00,Y,R,500
CZ3108,PEK,CAN,2020-04-01 08:30,2020-04-01 12:00,C,I,2190
CA1321,PEK,CAN,2020-04-01 09:00,2020-04-01 12:30,Y,P,700
CA1321,PEK,CAN,2020-04-01 09:00,2020-04-01 12:30,C,R,2540
CZ3000,PEK,CAN,2020-04-01 09:30,2020-04-01 12:40,Y,N,700
CZ3000,PEK,CAN,2020-04-01 09:30,2020-04-01 12:40,C,I,2080
CZ3112,PEK,CAN,2020-04-01 10:30,2020-04-01 14:05,Y,N,700
CZ3112,PEK,CAN,2020-04-01 10:30,2020-04-01 14:05,C,I,2080
CA1315,PEK,CAN,2020-04-01 11:00,2020-04-01 14:30,Y,P,700
CA1315,PEK,CAN,2020-04-01 11:00,2020-04-01 14:30,C,R,2540
CA1315,PEK,CAN,2020-04-01 11:00,2020-04-01 14:30,F,F,10160
CA1339,PEK,CAN,2020-04-01 12:00,2020-04-01 15:30,Y,P,700
CA1339,PEK,CAN,2020-04-01 12:00,2020-04-01 15:30,C,R,2410
MU5281,PEK,CAN,2020-04-01 12:10,2020-04-01 15:30,Y,H,500
MU5281,PEK,CAN,2020-04-01 12:10,2020-04-01 15:30,C,I,1800
CZ3102,PEK,CAN,2020-04-01 12:30,2020-04-01 16:00,Y,N,700
CZ3102,PEK,CAN,2020-04-01 12:30,2020-04-01 16:00,C,I,2080
CZ3116,PKX,CAN,2020-04-01 13:00,2020-04-01 16:25,Y,T,920
CZ3116,PKX,CAN,2020-04-01 13:00,2020-04-01 16:25,C,J,7620
CZ3106,PEK,CAN,2020-04-01 13:30,2020-04-01 16:45,Y,N,700
CZ3106,PEK,CAN,2020-04-01 13:30,2020-04-01 16:45,C,I,2310
CA1327,PEK,CAN,2020-04-01 13:50,2020-04-01 17:30,Y,P,700
CA1327,PEK,CAN,2020-04-01 13:50,2020-04-01 17:30,C,R,2540
HU7807,PEK,CAN,2020-04-01 14:05,2020-04-01 17:30,Y,T,650
HU7807,PEK,CAN,2020-04-01 14:05,2020-04-01 17:30,C,I,2540
KN5899,PKX,CAN,2020-04-01 14:10,2020-04-01 17:35,Y,I,458
CZ3162,PEK,CAN,2020-04-01 14:30,2020-04-01 17:55,Y,N,700
CZ3162,PEK,CAN,2020-04-01 14:30,2020-04-01 17:55,C,I,2310
CA1301,PEK,CAN,2020-04-01 15:00,2020-04-01 18:30,Y,K,640
CA1301,PEK,CAN,2020-04-01 15:00,2020-04-01 18:30,C,R,2410
CZ3104,PEK,CAN,2020-04-01 15:30,2020-04-01 19:00,Y,N,700
CZ3104,PEK,CAN,2020-04-01 15:30,2020-04-01 19:00,C,I,2310
CA1365,PEK,CAN,2020-04-01 16:00,2020-04-01 19:30,Y,K,620
CA1365,PEK,CAN,2020-04-01 16:00,2020-04-01 19:30,C,R,2290
HU7801,PEK,CAN,2020-04-01 16:15,2020-04-01 19:35,Y,T,650
HU7801,PEK,CAN,2020-04-01 16:15,2020-04-01 19:35,C,I,2540
CZ323,PEK,CAN,2020-04-01 16:30,2020-04-01 19:55,Y,R,500
CZ323,PEK,CAN,2020-04-01 16:30,2020-04-01 19:55,C,I,2310
CZ3122,PEK,CAN,2020-04-01 17:30,2020-04-01 20:55,Y,N,700
CZ3122,PEK,CAN,2020-04-01 17:30,2020-04-01 20:55,C,I,2310
HU7809,PEK,CAN,2020-04-01 17:30,2020-04-01 21:00,Y,T,650
HU7809,PEK,CAN,2020-04-01 17:30,2020-04-01 21:00,C,I,2540
CA1309,PEK,CAN,2020-04-01 18:00,2020-04-01 21:30,Y,K,640
CA1309,PEK,CAN,2020-04-01 18:00,2020-04-01 21:30,C,R,2410
CZ3178,PEK,CAN,2020-04-01 18:30,2020-04-01 21:40,Y,N,650
CZ3178,PEK,CAN,2020-04-01 18:30,2020-04-01 21:40,C,I,2100
CA8181,PKX,CAN,2020-04-01 18:45,2020-04-01 22:10,Y,P,600
CA8181,PKX,CAN,2020-04-01 18:45,2020-04-01 22:10,C,R,2290
CA1379,PEK,CAN,2020-04-01 19:05,2020-04-01 22:35,Y,K,620
CA1379,PEK,CAN,2020-04-01 19:05,2020-04-01 22:35,C,R,2290
CZ3110,PEK,CAN,2020-04-01 19:30,2020-04-01 22:55,Y,N,650
CZ3110,PEK,CAN,2020-04-01 19:30,2020-04-01 22:55,C,I,2100
CZ3100,PEK,CAN,2020-04-01 20:30,2020-04-01 23:50,Y,R,500
CZ3100,PEK,CAN,2020-04-01 20:30,2020-04-01 23:50,C,I,2100
CA1329,PEK,CAN,2020-04-01 21:00,2020-04-02 00:30,Y,K,450
CA1329,PEK,CAN,2020-04-01 21:00,2020-04-02 00:30,C,R,2290
HU7803,PEK,CAN,2020-04-01 21:35,2020-04-02 00:50,Y,T2,510
HU7803,PEK,CAN,2020-04-01 21:35,2020-04-02 00:50,C,R,1710
CZ3114,PEK,CAN,2020-04-01 21:30,2020-04-02 00:55,Y,R,450
CZ3114,PEK,CAN,2020-04-01 21:30,2020-04-02 00:55,C,I,2100
MU5132,PEK,CAN,2020-04-01 11:10,2020-04-01 16:50,Y,H,500
MU5132,PEK,CAN,2020-04-01 11:10,2020-04-01 16:50,C,Q,2150
GS7895,TSN,CAN,2020-04-01 11:20,2020-04-01 14:40,Y,U,456
MU5181,PEK,CAN,2020-04-02 06:55,2020-04-02 10:25,Y,T,410
MU5181,PEK,CAN,2020-04-02 06:55,2020-04-02 10:25,C,I,1800
CZ3166,PEK,CAN,2020-04-02 07:30,2020-04-02 11:00,Y,R,500
CZ3166,PEK,CAN,2020-04-02 07:30,2020-04-02 11:00,C,I,2190
HU7805,PEK,CAN,2020-04-02 08:05,2020-04-02 11:25,Y,T,642
HU7805,PEK,CAN,2020-04-02 08:05,2020-04-02 11:25,C,I,2540
CA1351,PEK,CAN,2020-04-02 08:00,2020-04-02 11:30,Y,K,620
CA1351,PEK,CAN,2020-04-02 08:00,2020-04-02 11:30,C,R,2410
CZ3108,PEK,CAN,2020-04-02 08:30,2020-04-02 11:45,Y,R,500
CZ3108,PEK,CAN,2020-04-02 08:30,2020-04-02 11:45,C,I,2190
CA1321,PEK,CAN,2020-04-02 09:00,2020-04-02 12:30,Y,K,690
CA1321,PEK,CAN,2020-04-02 09:00,2020-04-02 12:30,C,R,2540
CZ3000,PEK,CAN,2020-04-02 09:30,2020-04-02 12:40,Y,N,700
CZ3000,PEK,CAN,2020-04-02 09:30,2020-04-02 12:40,C,I,2080
KN5895,PKX,CAN,2020-04-02 09:40,2020-04-02 13:25,Y,I,458
CZ3112,PEK,CAN,2020-04-02 10:30,2020-04-02 13:45,Y,N,700
CZ3112,PEK,CAN,2020-04-02 10:30,2020-04-02 13:45,C,I,2080
CA1315,PEK,CAN,2020-04-02 11:00,2020-04-02 14:30,Y,P,700
CA1315,PEK,CAN,2020-04-02 11:00,2020-04-02 14:30,C,R,2540
CA1315,PEK,CAN,2020-04-02 11:00,2020-04-02 14:30,F,F,10160
CA1339,PEK,CAN,2020-04-02 12:00,2020-04-02 15:30,Y,P,700
CA1339,PEK,CAN,2020-04-02 12:00,2020-04-02 15:30,C,R,2410
MU5281,PEK,CAN,2020-04-02 12:10,2020-04-02 15:30,Y,T,410
MU5281,PEK,CAN,2020-04-02 12:10,2020-04-02 15:30,C,I,1800
CZ3102,PEK,CAN,2020-04-02 12:30,2020-04-02 16:00,Y,R,500
CZ3102,PEK,CAN,2020-04-02 12:30,2020-04-02 16:00,C,I,2080
CZ3116,PKX,CAN,2020-04-02 13:00,2020-04-02 16:25,Y,T,920
CZ3116,PKX,CAN,2020-04-02 13:00,2020-04-02 16:25,C,J,7620
CZ3106,PEK,CAN,2020-04-02 13:30,2020-04-02 16:45,Y,N,700
CZ3106,PEK,CAN,2020-04-02 13:30,2020-04-02 16:45,C,I,2310
CA1327,PEK,CAN,2020-04-02 13:50,2020-04-02 17:30,Y,P,700
CA1327,PEK,CAN,2020-04-02 13:50,2020-04-02 17:30,C,R,2540
HU7807,PEK,CAN,2020-04-02 14:05,2020-04-02 17:30,Y,A,790
HU7807,PEK,CAN,2020-04-02 14:05,2020-04-02 17:30,C,Z,3000
KN5899,PKX,CAN,2020-04-02 14:10,2020-04-02 17:35,Y,I,458
CZ3162,PEK,CAN,2020-04-02 14:30,2020-04-02 18:10,Y,N,700
CZ3162,PEK,CAN,2020-04-02 14:30,2020-04-02 18:10,C,I,2310
CA1301,PEK,CAN,2020-04-02 15:00,2020-04-02 18:30,Y,K,640
CA1301,PEK,CAN,2020-04-02 15:00,2020-04-02 18:30,C,R,2410
CZ3104,PEK,CAN,2020-04-02 15:30,2020-04-02 19:00,Y,N,700
CZ3104,PEK,CAN,2020-04-02 15:30,2020-04-02 19:00,C,I,2310
CA1365,PEK,CAN,2020-04-02 16:00,2020-04-02 19:30,Y,K,620
CA1365,PEK,CAN,2020-04-02 16:00,2020-04-02 19:30,C,R,2290
HU7801,PEK,CAN,2020-04-02 16:15,2020-04-02 19:35,Y,U,712
HU7801,PEK,CAN,2020-04-02 16:15,2020-04-02 19:35,C,Z,3000
CZ323,PEK,CAN,2020-04-02 16:30,2020-04-02 19:55,Y,R,500
CZ323,PEK,CAN,2020-04-02 16:30,2020-04-02 19:55,C,I,2310
CZ3122,PEK,CAN,2020-04-02 17:30,2020-04-02 20:55,Y,N,700
CZ3122,PEK,CAN,2020-04-02 17:30,2020-04-02 20:55,C,I,2310
HU7809,PEK,CAN,2020-04-02 17:30,2020-04-02 21:00,Y,T,642
HU7809,PEK,CAN,2020-04-02 17:30,2020-04-02 21:00,C,Z,3000
CA1309,PEK,CAN,2020-04-02 18:00,2020-04-02 21:30,Y,K,640
CA1309,PEK,CAN,2020-04-02 18:00,2020-04-02 21:30,C,R,2410
CZ3178,PEK,CAN,2020-04-02 18:30,2020-04-02 22:10,Y,N,650
CZ3178,PEK,CAN,2020-04-02 18:30,2020-04-02 22:10,C,I,2100
CA8181,PKX,CAN,2020-04-02 18:45,2020-04-02 22:10,Y,P,600
CA8181,PKX,CAN,2020-04-02 18:45,2020-04-02 22:10,C,R,2290
CA1379,PEK,CAN,2020-04-02 19:05,2020-04-02 22:35,Y,K,620
CA1379,PEK,CAN,2020-04-02 19:05,2020-04-02 22:35,C,R,2290
CZ3110,PEK,CAN,2020-04-02 19:30,2020-04-02 22:55,Y,N,650
CZ3110,PEK,CAN,2020-04-02 19:30,2020-04-02 22:55,C,I,2100
CZ3100,PEK,CAN,2020-04-02 20:30,2020-04-02 23:50,Y,R,500
CZ3100,PEK,CAN,2020-04-02 20:30,2020-04-02 23:50,C,I,2100
CA1329,PEK,CAN,2020-04-02 21:00,2020-04-03 00:30,Y,K,450
CA1329,PEK,CAN,2020-04-02 21:00,2020-04-03 00:30,C,R,2290
HU7803,PEK,CAN,2020-04-02 21:35,2020-04-03 00:50,Y,T2,510
HU7803,PEK,CAN,2020-04-02 21:35,2020-04-03 00:50,C,I,2310
CZ3114,PEK,CAN,2020-04-02 21:30,2020-04-03 00:55,Y,R,450
CZ3114,PEK,CAN,2020-04-02 21:30,2020-04-03 00:55,C,I,2100
MU5132,PEK,CAN,2020-04-02 11:10,2020-04-02 16:50,Y,H,500
MU5132,PEK,CAN,2020-04-02 11:10,2020-04-02 16:50,C,Q,2150
KN5897,PKX,CAN,2020-04-02 12:00,2020-04-02 15:20,Y,I,458
MU5181,PEK,CAN,2020-04-03 07:00,2020-04-03 10:25,Y,T,410
MU5181,PEK,CAN,2020-04-03 07:00,2020-04-03 10:25,C,I,1800
CZ3166,PEK,CAN,2020-04-03 07:30,2020-04-03 10:55,Y,R,500
CZ3166,PEK,CAN,2020-04-03 07:30,2020-04-03 10:55,C,I,2190
HU7805,PEK,CAN,2020-04-03 08:05,2020-04-03 11:25,Y,A,830
HU7805,PEK,CAN,2020-04-03 08:05,2020-04-03 11:25,C,I,2540
CA1351,PEK,CAN,2020-04-03 08:00,2020-04-03 11:30,Y,K,620
CA1351,PEK,CAN,2020-04-03 08:00,2020-04-03 11:30,C,R,2410
CZ3108,PEK,CAN,2020-04-03 08:30,2020-04-03 11:50,Y,R,500
CZ3108,PEK,CAN,2020-04-03 08:30,2020-04-03 11:50,C,I,2190
CA1321,PEK,CAN,2020-04-03 09:00,2020-04-03 12:30,Y,K,690
CA1321,PEK,CAN,2020-04-03 09:00,2020-04-03 12:30,C,R,2540
CZ3000,PEK,CAN,2020-04-03 09:30,2020-04-03 12:40,Y,N,700
CZ3000,PEK,CAN,2020-04-03 09:30,2020-04-03 12:40,C,I,2080
CZ3112,PEK,CAN,2020-04-03 10:30,2020-04-03 14:05,Y,N,700
CZ3112,PEK,CAN,2020-04-03 10:30,2020-04-03 14:05,C,I,2080
CA1315,PEK,CAN,2020-04-03 11:00,2020-04-03 14:30,Y,P,700
CA1315,PEK,CAN,2020-04-03 11:00,2020-04-03 14:30,C,R,2540
CA1315,PEK,CAN,2020-04-03 11:00,2020-04-03 14:30,F,F,10160
CA1339,PEK,CAN,2020-04-03 12:00,2020-04-03 15:30,Y,P,700
CA1339,PEK,CAN,2020-04-03 12:00,2020-04-03 15:30,C,R,2410
MU5281,PEK,CAN,2020-04-03 12:10,2020-04-03 15:30,Y,H,500
MU5281,PEK,CAN,2020-04-03 12:10,2020-04-03 15:30,C,I,1800
CZ3102,PEK,CAN,2020-04-03 12:30,2020-04-03 16:00,Y,N,700
CZ3102,PEK,CAN,2020-04-03 12:30,2020-04-03 16:00,C,I,2080
CZ3116,PKX,CAN,2020-04-03 13:00,2020-04-03 16:25,Y,Z,1050
CZ3116,PKX,CAN,2020-04-03 13:00,2020-04-03 16:25,C,J,7620
CZ3106,PEK,CAN,2020-04-03 13:30,2020-04-03 16:45,Y,N,700
CZ3106,PEK,CAN,2020-04-03 13:30,2020-04-03 16:45,C,I,2310
CA1327,PEK,CAN,2020-04-03 13:50,2020-04-03 17:30,Y,P,700
CA1327,PEK,CAN,2020-04-03 13:50,2020-04-03 17:30,C,R,2540
HU7807,PEK,CAN,2020-04-03 13:55,2020-04-03 17:30,Y,X,1250
HU7807,PEK,CAN,2020-04-03 13:55,2020-04-03 17:30,C,Z,3000
KN5899,PKX,CAN,2020-04-03 14:10,2020-04-03 17:35,Y,I,458
CZ3162,PEK,CAN,2020-04-03 14:30,2020-04-03 18:10,Y,N,700
CZ3162,PEK,CAN,2020-04-03 14:30,2020-04-03 18:10,C,I,2310
CA1301,PEK,CAN,2020-04-03 15:00,2020-04-03 18:30,Y,P,700
CA1301,PEK,CAN,2020-04-03 15:00,2020-04-03 18:30,C,R,2410
CZ3104,PEK,CAN,2020-04-03 15:30,2020-04-03 19:00,Y,N,700
CZ3104,PEK,CAN,2020-04-03 15:30,2020-04-03 19:00,C,I,2310
CA1365,PEK,CAN,2020-04-03 16:00,2020-04-03 19:30,Y,K,620
CA1365,PEK,CAN,2020-04-03 16:00,2020-04-03 19:30,C,R,2290
HU7801,PEK,CAN,2020-04-03 16:15,2020-04-03 19:35,Y,V,1110
HU7801,PEK,CAN,2020-04-03 16:15,2020-04-03 19:35,C,Z,3000
CZ323,PEK,CAN,2020-04-03 16:30,2020-04-03 19:55,Y,T,820
CZ323,PEK,CAN,2020-04-03 16:30,2020-04-03 19:55,C,I,2310
CZ3122,PEK,CAN,2020-04-03 17:30,2020-04-03 20:55,Y,N,700
CZ3122,PEK,CAN,2020-04-03 17:30,2020-04-03 20:55,C,I,2310
HU7809,PEK,CAN,2020-04-03 17:30,2020-04-03 21:00,Y,A,830
HU7809,PEK,CAN,2020-04-03 17:30,2020-04-03 21:00,C,Z,3000
CA1309,PEK,CAN,2020-04-03 18:00,2020-04-03 21:30,Y,P,700
CA1309,PEK,CAN,2020-04-03 18:00,2020-04-03 21:30,C,R,2410
CZ3178,PEK,CAN,2020-04-03 18:30,2020-04-03 21:40,Y,N,650
CZ3178,PEK,CAN,2020-04-03 18:30,2020-04-03 21:40,C,I,2100
CA8181,PKX,CAN,2020-04-03 18:45,2020-04-03 22:10,Y,S,1170
CA8181,PKX,CAN,2020-04-03 18:45,2020-04-03 22:10,C,R,2290
CA1379,PEK,CAN,2020-04-03 19:05,2020-04-03 22:35,Y,K,620
CA1379,PEK,CAN,2020-04-03 19:05,2020-04-03 22:35,C,R,2290
CZ3110,PEK,CAN,2020-04-03 19:30,2020-04-03 22:55,Y,N,650
CZ3110,PEK,CAN,2020-04-03 19:30,2020-04-03 22:55,C,I,2100
CZ3100,PEK,CAN,2020-04-03 20:30,2020-04-03 23:50,Y,R,500
CZ3100,PEK,CAN,2020-04-03 20:30,2020-04-03 23:50,C,I,2100
CA1329,PEK,CAN,2020-04-03 21:00,2020-04-04 00:30,Y,K,450
CA1329,PEK,CAN,2020-04-03 21:00,2020-04-04 00:30,C,R,2290
HU7803,PEK,CAN,2020-04-03 21:35,2020-04-04 00:50,Y,A,830
HU7803,PEK,CAN,2020-04-03 21:35,2020-04-04 00:50,C,Z,3000
CZ3114,PEK,CAN,2020-04-03 21:30,2020-04-04 00:55,Y,R,450
CZ3114,PEK,CAN,2020-04-03 21:30,2020-04-04 00:55,C,I,2100
MU5132,PEK,CAN,2020-04-03 11:10,2020-04-03 16:50,Y,H,500
MU5132,PEK,CAN,2020-04-03 11:10,2020-04-03 16:50,C,Q,2150
KN5897,PKX,CAN,2020-04-03 12:00,2020-04-03 15:20,Y,I,458
MU5181,PEK,CAN,2020-04-04 07:00,2020-04-04 10:25,Y,T,410
MU5181,PEK,CAN,2020-04-04 07:00,2020-04-04 10:25,C,I,1800
CZ3166,PEK,CAN,2020-04-04 07:30,2020-04-04 11:00,Y,R,500
CZ3166,PEK,CAN,2020-04-04 07:30,2020-04-04 11:00,C,I,2190
CA1351,PEK,CAN,2020-04-04 08:00,2020-04-04 11:30,Y,K,620
CA1351,PEK,CAN,2020-04-04 08:00,2020-04-04 11:30,C,R,2410
HU7805,PEK,CAN,2020-04-04 08:05,2020-04-04 11:25,Y,P,900
HU7805,PEK,CAN,2020-04-04 08:05,2020-04-04 11:25,C,I,2540
CZ3108,PEK,CAN,2020-04-04 08:30,2020-04-04 11:45,Y,N,700
CZ3108,PEK,CAN,2020-04-04 08:30,2020-04-04 11:45,C,I,2190
CA1321,PEK,CAN,2020-04-04 09:00,2020-04-04 12:30,Y,P,700
CA1321,PEK,CAN,2020-04-04 09:00,2020-04-04 12:30,C,R,2540
CZ3000,PEK,CAN,2020-04-04 09:30,2020-04-04 12:40,Y,N,700
CZ3000,PEK,CAN,2020-04-04 09:30,2020-04-04 12:40,C,I,2080
KN5895,PKX,CAN,2020-04-04 09:40,2020-04-04 13:25,Y,I,458
CZ3112,PEK,CAN,2020-04-04 10:30,2020-04-04 13:45,Y,N,700
CZ3112,PEK,CAN,2020-04-04 10:30,2020-04-04 13:45,C,I,2080
CA1315,PEK,CAN,2020-04-04 11:00,2020-04-04 14:30,Y,P,700
CA1315,PEK,CAN,2020-04-04 11:00,2020-04-04 14:30,C,R,2540
CA1315,PEK,CAN,2020-04-04 11:00,2020-04-04 14:30,F,F,10160
CA1339,PEK,CAN,2020-04-04 12:00,2020-04-04 15:30,Y,K,640
CA1339,PEK,CAN,2020-04-04 12:00,2020-04-04 15:30,C,R,2410
MU5281,PEK,CAN,2020-04-04 12:10,2020-04-04 15:30,Y,H,600
MU5281,PEK,CAN,2020-04-04 12:10,2020-04-04 15:30,C,I,1800
CZ3102,PEK,CAN,2020-04-04 12:30,2020-04-04 15:55,Y,N,700
CZ3102,PEK,CAN,2020-04-04 12:30,2020-04-04 15:55,C,I,2080
CZ3116,PKX,CAN,2020-04-04 13:00,2020-04-04 16:25,Y,T,920
CZ3116,PKX,CAN,2020-04-04 13:00,2020-04-04 16:25,C,J,7620
CZ3106,PEK,CAN,2020-04-04 13:30,2020-04-04 16:45,Y,N,700
CZ3106,PEK,CAN,2020-04-04 13:30,2020-04-04 16:45,C,I,2310
CA1327,PEK,CAN,2020-04-04 13:50,2020-04-04 17:30,Y,P,700
CA1327,PEK,CAN,2020-04-04 13:50,2020-04-04 17:30,C,R,2540
HU7807,PEK,CAN,2020-04-04 14:05,2020-04-04 17:30,Y,P,900
HU7807,PEK,CAN,2020-04-04 14:05,2020-04-04 17:30,C,Z,3000
KN5899,PKX,CAN,2020-04-04 14:10,2020-04-04 17:35,Y,I,458
CZ3162,PEK,CAN,2020-04-04 14:30,2020-04-04 18:10,Y,N,700
CZ3162,PEK,CAN,2020-04-04 14:30,2020-04-04 18:10,C,I,2310
CA1301,PEK,CAN,2020-04-04 15:00,2020-04-04 18:30,Y,K,640
CA1301,PEK,CAN,2020-04-04 15:00,2020-04-04 18:30,C,R,2410
CZ3104,PEK,CAN,2020-04-04 15:30,2020-04-04 19:00,Y,N,700
CZ3104,PEK,CAN,2020-04-04 15:30,2020-04-04 19:00,C,I,2310
CA1365,PEK,CAN,2020-04-04 16:00,2020-04-04 19:30,Y,K,620
CA1365,PEK,CAN,2020-04-04 16:00,2020-04-04 19:30,C,R,2290
HU7801,PEK,CAN,2020-04-04 16:15,2020-04-04 19:35,Y,T,650
HU7801,PEK,CAN,2020-04-04 16:15,2020-04-04 19:35,C,I,2540
CZ323,PEK,CAN,2020-04-04 16:30,2020-04-04 19:55,Y,N,700
CZ323,PEK,CAN,2020-04-04 16:30,2020-04-04 19:55,C,I,2310
CZ3122,PEK,CAN,2020-04-04 17:30,2020-04-04 20:55,Y,N,700
CZ3122,PEK,CAN,2020-04-04 17:30,2020-04-04 20:55,C,I,2310
HU7809,PEK,CAN,2020-04-04 17:30,2020-04-04 21:00,Y,T,650
HU7809,PEK,CAN,2020-04-04 17:30,2020-04-04 21:00,C,I,2540
CA1309,PEK,CAN,2020-04-04 18:00,2020-04-04 21:30,Y,P,700
CA1309,PEK,CAN,2020-04-04 18:00,2020-04-04 21:30,C,R,2410
CZ3178,PEK,CAN,2020-04-04 18:30,2020-04-04 22:10,Y,N,650
CZ3178,PEK,CAN,2020-04-04 18:30,2020-04-04 22:10,C,I,2100
CA8181,PKX,CAN,2020-04-04 18:45,2020-04-04 22:10,Y,P,600
CA8181,PKX,CAN,2020-04-04 18:45,2020-04-04 22:10,C,R,2290
CA1379,PEK,CAN,2020-04-04 19:05,2020-04-04 22:35,Y,K,620
CA1379,PEK,CAN,2020-04-04 19:05,2020-04-04 22:35,C,R,2290
CZ3110,PEK,CAN,2020-04-04 19:30,2020-04-04 22:55,Y,R,500
CZ3110,PEK,CAN,2020-04-04 19:30,2020-04-04 22:55,C,I,2100
CZ3100,PEK,CAN,2020-04-04 20:30,2020-04-04 23:50,Y,R,500
CZ3100,PEK,CAN,2020-04-04 20:30,2020-04-04 23:50,C,I,2100
CA1329,PEK,CAN,2020-04-04 21:00,2020-04-05 00:30,Y,K,450
CA1329,PEK,CAN,2020-04-04 21:00,2020-04-05 00:30,C,R,2290
CZ3114,PEK,CAN,2020-04-04 21:30,2020-04-05 01:00,Y,R,450
CZ3114,PEK,CAN,2020-04-04 21:30,2020-04-05 01:00,C,I,2100
HU7803,PEK,CAN,2020-04-04 21:35,2020-04-05 00:50,Y,T2,510
HU7803,PEK,CAN,2020-04-04 21:35,2020-04-05 00:50,C,R,1710
MU5132,PEK,CAN,2020-04-04 11:10,2020-04-04 16:50,Y,H,600
MU5132,PEK,CAN,2020-04-04 11:10,2020-04-04 16:50,C,Q,2150
MU5181,PEK,CAN,2020-04-05 06:55,2020-04-05 10:25,Y,T,410
MU5181,PEK,CAN,2020-04-05 06:55,2020-04-05 10:25,C,I,1800
CZ3166,PEK,CAN,2020-04-05 07:30,2020-04-05 10:55,Y,R,500
CZ3166,PEK,CAN,2020-04-05 07:30,2020-04-05 10:55,C,I,2190
CA1351,PEK,CAN,2020-04-05 08:00,2020-04-05 11:30,Y,K,620
CA1351,PEK,CAN,2020-04-05 08:00,2020-04-05 11:30,C,R,2410
HU7805,PEK,CAN,2020-04-05 08:05,2020-04-05 11:25,Y,T,650
HU7805,PEK,CAN,2020-04-05 08:05,2020-04-05 11:25,C,I,2540
CZ3108,PEK,CAN,2020-04-05 08:30,2020-04-05 12:00,Y,R,500
CZ3108,PEK,CAN,2020-04-05 08:30,2020-04-05 12:00,C,I,2190
CA1321,PEK,CAN,2020-04-05 09:00,2020-04-05 12:30,Y,K,690
CA1321,PEK,CAN,2020-04-05 09:00,2020-04-05 12:30,C,R,2540
CZ3000,PEK,CAN,2020-04-05 09:30,2020-04-05 12:40,Y,R,500
CZ3000,PEK,CAN,2020-04-05 09:30,2020-04-05 12:40,C,I,2080
CZ3112,PEK,CAN,2020-04-05 10:30,2020-04-05 13:45,Y,N,700
CZ3112,PEK,CAN,2020-04-05 10:30,2020-04-05 13:45,C,I,2080
CA1315,PEK,CAN,2020-04-05 11:00,2020-04-05 14:30,Y,K,690
CA1315,PEK,CAN,2020-04-05 11:00,2020-04-05 14:30,C,R,2540
CA1315,PEK,CAN,2020-04-05 11:00,2020-04-05 14:30,F,F,10160
CA1339,PEK,CAN,2020-04-05 11:55,2020-04-05 15:30,Y,P,700
CA1339,PEK,CAN,2020-04-05 11:55,2020-04-05 15:30,C,R,2410
MU5281,PEK,CAN,2020-04-05 12:10,2020-04-05 15:30,Y,H,600
MU5281,PEK,CAN,2020-04-05 12:10,2020-04-05 15:30,C,I,1800
CZ3102,PEK,CAN,2020-04-05 12:30,2020-04-05 16:10,Y,R,500
CZ3102,PEK,CAN,2020-04-05 12:30,2020-04-05 16:10,C,I,2080
CZ3116,PKX,CAN,2020-04-05 13:00,2020-04-05 16:25,Y,Z,1050
CZ3116,PKX,CAN,2020-04-05 13:00,2020-04-05 16:25,C,J,7620
CZ3106,PEK,CAN,2020-04-05 13:30,2020-04-05 16:45,Y,R,500
CZ3106,PEK,CAN,2020-04-05 13:30,2020-04-05 16:45,C,I,2310
CA1327,PEK,CAN,2020-04-05 13:50,2020-04-05 17:30,Y,K,690
CA1327,PEK,CAN,2020-04-05 13:50,2020-04-05 17:30,C,R,2540
HU7807,PEK,CAN,2020-04-05 13:55,2020-04-05 17:30,Y,T,650
HU7807,PEK,CAN,2020-04-05 13:55,2020-04-05 17:30,C,I,2540
KN5899,PKX,CAN,2020-04-05 14:10,2020-04-05 17:35,Y,I,458
CZ3162,PEK,CAN,2020-04-05 14:30,2020-04-05 18:10,Y,R,500
CZ3162,PEK,CAN,2020-04-05 14:30,2020-04-05 18:10,C,I,2310
CA1301,PEK,CAN,2020-04-05 14:55,2020-04-05 18:30,Y,K,640
CA1301,PEK,CAN,2020-04-05 14:55,2020-04-05 18:30,C,R,2410
CZ3104,PEK,CAN,2020-04-05 15:30,2020-04-05 19:00,Y,R,500
CZ3104,PEK,CAN,2020-04-05 15:30,2020-04-05 19:00,C,I,2310
CA1365,PEK,CAN,2020-04-05 16:00,2020-04-05 19:30,Y,K,620
CA1365,PEK,CAN,2020-04-05 16:00,2020-04-05 19:30,C,R,2290
HU7801,PEK,CAN,2020-04-05 16:15,2020-04-05 19:35,Y,T,650
HU7801,PEK,CAN,2020-04-05 16:15,2020-04-05 19:35,C,I,2540
CZ323,PEK,CAN,2020-04-05 16:30,2020-04-05 19:55,Y,R,500
CZ323,PEK,CAN,2020-04-05 16:30,2020-04-05 19:55,C,I,2310
CZ3122,PEK,CAN,2020-04-05 17:30,2020-04-05 20:55,Y,R,500
CZ3122,PEK,CAN,2020-04-05 17:30,2020-04-05 20:55,C,I,2310
HU7809,PEK,CAN,2020-04-05 17:30,2020-04-05 21:00,Y,T,650
HU7809,PEK,CAN,2020-04-05 17:30,2020-04-05 21:00,C,I,2540
CA1309,PEK,CAN,2020-04-05 18:00,2020-04-05 21:30,Y,K,640
CA1309,PEK,CAN,2020-04-05 18:00,2020-04-05 21:30,C,R,2410
CZ3178,PEK,CAN,2020-04-05 18:30,2020-04-05 21:40,Y,N,650
CZ3178,PEK,CAN,2020-04-05 18:30,2020-04-05 21:40,C,I,2100
CA8181,PKX,CAN,2020-04-05 18:45,2020-04-05 22:10,Y,P,600
CA8181,PKX,CAN,2020-04-05 18:45,2020-04-05 22:10,C,R,2290
CA1379,PEK,CAN,2020-04-05 19:05,2020-04-05 22:35,Y,K,620
CA1379,PEK,CAN,2020-04-05 19:05,2020-04-05 22:35,C,R,2290
CZ3110,PEK,CAN,2020-04-05 19:30,2020-04-05 22:55,Y,R,500
CZ3110,PEK,CAN,2020-04-05 19:30,2020-04-05 22:55,C,I,2100
CZ3100,PEK,CAN,2020-04-05 20:30,2020-04-05 23:50,Y,R,500
CZ3100,PEK,CAN,2020-04-05 20:30,2020-04-05 23:50,C,I,2100
CA1329,PEK,CAN,2020-04-05 21:00,2020-04-06 00:30,Y,K,450
CA1329,PEK,CAN,2020-04-05 21:00,2020-04-06 00:30,C,R,2290
CZ3114,PEK,CAN,2020-04-05 21:30,2020-04-06 00:55,Y,R,450
CZ3114,PEK,CAN,2020-04-05 21:30,2020-04-06 00:55,C,I,2100
HU7803,PEK,CAN,2020-04-05 21:35,2020-04-06 00:50,Y,T2,510
HU7803,PEK,CAN,2020-04-05 21:35,2020-04-06 00:50,C,I,2310
MU5132,PEK,CAN,2020-04-05 11:10,2020-04-05 16:50,Y,H,600
MU5132,PEK,CAN,2020-04-05 11:10,2020-04-05 16:50,C,Q,2150
MU5181,PEK,CAN,2020-04-06 06:55,2020-04-06 10:25,Y,T,500
MU5181,PEK,CAN,2020-04-06 06:55,2020-04-06 10:25,C,I,1800
CZ3166,PEK,CAN,2020-04-06 07:30,2020-04-06 11:00,Y,R,600
CZ3166,PEK,CAN,2020-04-06 07:30,2020-04-06 11:00,C,I,2190
HU7805,PEK,CAN,2020-04-06 08:05,2020-04-06 11:25,Y,T,650
HU7805,PEK,CAN,2020-04-06 08:05,2020-04-06 11:25,C,I,2540
CA1351,PEK,CAN,2020-04-06 08:00,2020-04-06 11:30,Y,K,620
CA1351,PEK,CAN,2020-04-06 08:00,2020-04-06 11:30,C,R,2410
CZ3108,PEK,CAN,2020-04-06 08:30,2020-04-06 11:45,Y,R,600
CZ3108,PEK,CAN,2020-04-06 08:30,2020-04-06 11:45,C,I,2190
CA1321,PEK,CAN,2020-04-06 09:00,2020-04-06 12:30,Y,K,690
CA1321,PEK,CAN,2020-04-06 09:00,2020-04-06 12:30,C,R,2540
CZ3000,PEK,CAN,2020-04-06 09:30,2020-04-06 12:40,Y,N,700
CZ3000,PEK,CAN,2020-04-06 09:30,2020-04-06 12:40,C,I,2080
CZ3112,PEK,CAN,2020-04-06 10:30,2020-04-06 13:45,Y,N,700
CZ3112,PEK,CAN,2020-04-06 10:30,2020-04-06 13:45,C,I,2080
CA1315,PEK,CAN,2020-04-06 11:00,2020-04-06 14:30,Y,P,700
CA1315,PEK,CAN,2020-04-06 11:00,2020-04-06 14:30,C,R,2540
CA1315,PEK,CAN,2020-04-06 11:00,2020-04-06 14:30,F,F,10160
CA1339,PEK,CAN,2020-04-06 12:00,2020-04-06 15:30,Y,P,700
CA1339,PEK,CAN,2020-04-06 12:00,2020-04-06 15:30,C,R,2410
MU5281,PEK,CAN,2020-04-06 12:10,2020-04-06 15:30,Y,H,600
MU5281,PEK,CAN,2020-04-06 12:10,2020-04-06 15:30,C,I,1800
CZ3102,PEK,CAN,2020-04-06 12:30,2020-04-06 15:55,Y,N,700
CZ3102,PEK,CAN,2020-04-06 12:30,2020-04-06 15:55,C,I,2080
CZ3116,PKX,CAN,2020-04-06 13:00,2020-04-06 16:25,Y,T,920
CZ3116,PKX,CAN,2020-04-06 13:00,2020-04-06 16:25,C,J,7620
CZ3106,PEK,CAN,2020-04-06 13:30,2020-04-06 16:45,Y,N,700
CZ3106,PEK,CAN,2020-04-06 13:30,2020-04-06 16:45,C,I,2310
CA1327,PEK,CAN,2020-04-06 13:50,2020-04-06 17:30,Y,P,700
CA1327,PEK,CAN,2020-04-06 13:50,2020-04-06 17:30,C,R,2540
HU7807,PEK,CAN,2020-04-06 14:05,2020-04-06 17:30,Y,T,650
HU7807,PEK,CAN,2020-04-06 14:05,2020-04-06 17:30,C,I,2540
KN5899,PKX,CAN,2020-04-06 14:10,2020-04-06 17:35,Y,I,458
CZ3162,PEK,CAN,2020-04-06 14:30,2020-04-06 18:10,Y,N,700
CZ3162,PEK,CAN,2020-04-06 14:30,2020-04-06 18:10,C,I,2310
CA1301,PEK,CAN,2020-04-06 14:55,2020-04-06 18:30,Y,K,640
CA1301,PEK,CAN,2020-04-06 14:55,2020-04-06 18:30,C,R,2410
CZ3104,PEK,CAN,2020-04-06 15:30,2020-04-06 19:00,Y,R,600
CZ3104,PEK,CAN,2020-04-06 15:30,2020-04-06 19:00,C,I,2310
CA1365,PEK,CAN,2020-04-06 16:00,2020-04-06 19:30,Y,K,620
CA1365,PEK,CAN,2020-04-06 16:00,2020-04-06 19:30,C,R,2290
HU7801,PEK,CAN,2020-04-06 16:15,2020-04-06 19:35,Y,T,650
HU7801,PEK,CAN,2020-04-06 16:15,2020-04-06 19:35,C,I,2540
CZ323,PEK,CAN,2020-04-06 16:30,2020-04-06 19:55,Y,N,700
CZ323,PEK,CAN,2020-04-06 16:30,2020-04-06 19:55,C,I,2310
CZ3122,PEK,CAN,2020-04-06 17:30,2020-04-06 20:55,Y,N,700
CZ3122,PEK,CAN,2020-04-06 17:30,2020-04-06 20:55,C,I,2310
HU7809,PEK,CAN,2020-04-06 17:30,2020-04-06 21:00,Y,T,650
HU7809,PEK,CAN,2020-04-06 17:30,2020-04-06 21:00,C,I,2540
CA1309,PEK,CAN,2020-04-06 18:00,2020-04-06 21:30,Y,P,700
CA1309,PEK,CAN,2020-04-06 18:00,2020-04-06 21:30,C,R,2410
CZ3178,PEK,CAN,2020-04-06 18:30,2020-04-06 22:10,Y,N,650
CZ3178,PEK,CAN,2020-04-06 18:30,2020-04-06 22:10,C,I,2100
CA8181,PKX,CAN,2020-04-06 18:45,2020-04-06 22:10,Y,L,700
CA8181,PKX,CAN,2020-04-06 18:45,2020-04-06 22:10,C,R,2290
CA1379,PEK,CAN,2020-04-06 19:05,2020-04-06 22:35,Y,K,620
CA1379,PEK,CAN,2020-04-06 19:05,2020-04-06 22:35,C,R,2290
CZ3110,PEK,CAN,2020-04-06 19:30,2020-04-06 23:05,Y,N,650
CZ3110,PEK,CAN,2020-04-06 19:30,2020-04-06 23:05,C,I,2100
CZ3100,PEK,CAN,2020-04-06 20:30,2020-04-06 23:50,Y,R,500
CZ3100,PEK,CAN,2020-04-06 20:30,2020-04-06 23:50,C,I,2100
CA1329,PEK,CAN,2020-04-06 21:00,2020-04-07 00:30,Y,K,450
CA1329,PEK,CAN,2020-04-06 21:00,2020-04-07 00:30,C,R,2290
HU7803,PEK,CAN,2020-04-06 21:35,2020-04-07 00:50,Y,T2,510
HU7803,PEK,CAN,2020-04-06 21:35,2020-04-07 00:50,C,R,1710
CZ3114,PEK,CAN,2020-04-06 21:30,2020-04-07 01:00,Y,R,450
CZ3114,PEK,CAN,2020-04-06 21:30,2020-04-07 01:00,C,I,2100
MU5132,PEK,CAN,2020-04-06 11:10,2020-04-06 16:50,Y,H,600
MU5132,PEK,CAN,2020-04-06 11:10,2020-04-06 16:50,C,Q,2150
KN5829,PKX,CAN,2020-04-06 07:55,2020-04-06 13:25,Y,I,467
KN5897,PKX,CAN,2020-04-06 12:00,2020-04-06 15:20,Y,I,467
GS7895,TSN,CAN,2020-04-06 11:20,2020-04-06 14:40,Y,U,450
GS7895,TSN,CAN,2020-04-06 11:20,2020-04-06 14:40,Y,U,450
GS7895,TSN,CAN,2020-04-06 11:20,2020-04-06 14:40,Y,U,450
MU5391,PEK,SZX,2020-04-06 09:00,2020-04-06 12:25,Y,T,450
ZH9114,PEK,SZX,2020-04-06 07:30,2020-04-06 11:15,Y,K,500
CZ3194,PEK,SZX,2020-04-06 08:00,2020-04-06 11:30,Y,R,500
MU5391,PEK,SZX,2020-04-06 09:00,2020-04-06 12:25,Y,T,450
MU5391,PEK,SZX,2020-04-06 09:00,2020-04-06 12:25,Y,T,450
MU5181,PEK,CAN,2020-04-07 06:55,2020-04-07 10:25,Y,T,500
MU5181,PEK,CAN,2020-04-07 06:55,2020-04-07 10:25,C,I,1800
CZ3166,PEK,CAN,2020-04-07 07:30,2020-04-07 10:55,Y,R,600
CZ3166,PEK,CAN,2020-04-07 07:30,2020-04-07 10:55,C,I,2190
CA1351,PEK,CAN,2020-04-07 08:00,2020-04-07 11:30,Y,K,620
CA1351,PEK,CAN,2020-04-07 08:00,2020-04-07 11:30,C,R,2410
HU7805,PEK,CAN,2020-04-07 08:05,2020-04-07 11:25,Y,T,650
HU7805,PEK,CAN,2020-04-07 08:05,2020-04-07 11:25,C,I,2540
CZ3108,PEK,CAN,2020-04-07 08:30,2020-04-07 11:45,Y,R,600
CZ3108,PEK,CAN,2020-04-07 08:30,2020-04-07 11:45,C,I,2190
CA1321,PEK,CAN,2020-04-07 09:00,2020-04-07 12:30,Y,P,700
CA1321,PEK,CAN,2020-04-07 09:00,2020-04-07 12:30,C,R,2540
CA1321,PEK,CAN,2020-04-07 09:00,2020-04-07 12:30,F,F,10160
CZ3000,PEK,CAN,2020-04-07 09:30,2020-04-07 12:40,Y,N,700
CZ3000,PEK,CAN,2020-04-07 09:30,2020-04-07 12:40,C,I,2080
KN5895,PKX,CAN,2020-04-07 09:40,2020-04-07 13:25,Y,I,458
CZ3112,PEK,CAN,2020-04-07 10:30,2020-04-07 13:45,Y,N,700
CZ3112,PEK,CAN,2020-04-07 10:30,2020-04-07 13:45,C,I,2080
CA1315,PEK,CAN,2020-04-07 11:00,2020-04-07 14:30,Y,P,700
CA1315,PEK,CAN,2020-04-07 11:00,2020-04-07 14:30,C,R,2540
CA1315,PEK,CAN,2020-04-07 11:00,2020-04-07 14:30,F,F,10160
CA1339,PEK,CAN,2020-04-07 12:00,2020-04-07 15:30,Y,P,700
CA1339,PEK,CAN,2020-04-07 12:00,2020-04-07 15:30,C,R,2410
MU5281,PEK,CAN,2020-04-07 12:10,2020-04-07 15:30,Y,H,600
MU5281,PEK,CAN,2020-04-07 12:10,2020-04-07 15:30,C,I,1800
CZ3102,PEK,CAN,2020-04-07 12:30,2020-04-07 16:00,Y,N,700
CZ3102,PEK,CAN,2020-04-07 12:30,2020-04-07 16:00,C,I,2080
CZ3116,PKX,CAN,2020-04-07 13:00,2020-04-07 16:25,Y,T,920
CZ3116,PKX,CAN,2020-04-07 13:00,2020-04-07 16:25,C,J,7620
CZ3106,PEK,CAN,2020-04-07 13:30,2020-04-07 17:00,Y,N,700
CZ3106,PEK,CAN,2020-04-07 13:30,2020-04-07 17:00,C,I,2310
CA1327,PEK,CAN,2020-04-07 13:50,2020-04-07 17:30,Y,P,700
CA1327,PEK,CAN,2020-04-07 13:50,2020-04-07 17:30,C,R,2540
HU7807,PEK,CAN,2020-04-07 13:55,2020-04-07 17:30,Y,T,650
HU7807,PEK,CAN,2020-04-07 13:55,2020-04-07 17:30,C,I,2540
KN5899,PKX,CAN,2020-04-07 14:10,2020-04-07 17:35,Y,I,458
CZ3162,PEK,CAN,2020-04-07 14:30,2020-04-07 18:10,Y,N,700
CZ3162,PEK,CAN,2020-04-07 14:30,2020-04-07 18:10,C,I,2310
CA1301,PEK,CAN,2020-04-07 15:00,2020-04-07 18:30,Y,K,640
CA1301,PEK,CAN,2020-04-07 15:00,2020-04-07 18:30,C,R,2410
CZ3104,PEK,CAN,2020-04-07 15:30,2020-04-07 19:00,Y,R,600
CZ3104,PEK,CAN,2020-04-07 15:30,2020-04-07 19:00,C,I,2310
CA1365,PEK,CAN,2020-04-07 16:00,2020-04-07 19:30,Y,K,620
CA1365,PEK,CAN,2020-04-07 16:00,2020-04-07 19:30,C,R,2290
HU7801,PEK,CAN,2020-04-07 16:15,2020-04-07 19:35,Y,T,650
HU7801,PEK,CAN,2020-04-07 16:15,2020-04-07 19:35,C,I,2540
CZ323,PEK,CAN,2020-04-07 16:30,2020-04-07 19:55,Y,N,700
CZ323,PEK,CAN,2020-04-07 16:30,2020-04-07 19:55,C,I,2310
CZ3122,PEK,CAN,2020-04-07 17:30,2020-04-07 20:55,Y,N,700
CZ3122,PEK,CAN,2020-04-07 17:30,2020-04-07 20:55,C,I,2310
HU7809,PEK,CAN,2020-04-07 17:30,2020-04-07 21:00,Y,T,650
HU7809,PEK,CAN,2020-04-07 17:30,2020-04-07 21:00,C,I,2540
CA1309,PEK,CAN,2020-04-07 18:00,2020-04-07 21:30,Y,K,640
CA1309,PEK,CAN,2020-04-07 18:00,2020-04-07 21:30,C,R,2410
CZ3178,PEK,CAN,2020-04-07 18:30,2020-04-07 22:10,Y,N,650
CZ3178,PEK,CAN,2020-04-07 18:30,2020-04-07 22:10,C,I,2100
CA8181,PKX,CAN,2020-04-07 18:45,2020-04-07 22:10,Y,P,600
CA8181,PKX,CAN,2020-04-07 18:45,2020-04-07 22:10,C,R,2290
CA1379,PEK,CAN,2020-04-07 19:05,2020-04-07 22:35,Y,K,620
CA1379,PEK,CAN,2020-04-07 19:05,2020-04-07 22:35,C,R,2290
CZ3110,PEK,CAN,2020-04-07 19:30,2020-04-07 22:55,Y,N,650
CZ3110,PEK,CAN,2020-04-07 19:30,2020-04-07 22:55,C,I,2100
CZ3100,PEK,CAN,2020-04-07 20:30,2020-04-07 23:50,Y,R,500
CZ3100,PEK,CAN,2020-04-07 20:30,2020-04-07 23:50,C,I,2100
CA1329,PEK,CAN,2020-04-07 21:00,2020-04-08 00:30,Y,K,450
CA1329,PEK,CAN,2020-04-07 21:00,2020-04-08 00:30,C,R,2290
CZ3114,PEK,CAN,2020-04-07 21:30,2020-04-08 00:55,Y,R,450
CZ3114,PEK,CAN,2020-04-07 21:30,2020-04-08 00:55,C,I,2100
HU7803,PEK,CAN,2020-04-07 21:35,2020-04-08 00:50,Y,T2,510
HU7803,PEK,CAN,2020-04-07 21:35,2020-04-08 00:50,C,I,2310
MU5132,PEK,CAN,2020-04-07 11:10,2020-04-07 16:50,Y,H,600
MU5132,PEK,CAN,2020-04-07 11:10,2020-04-07 16:50,C,Q,2150
KN5897,PKX,CAN,2020-04-07 12:00,2020-04-07 15:20,Y,I,458
GS7895,TSN,CAN,2020-04-07 11:20,2020-04-07 14:40,Y,U,451
GS7895,TSN,CAN,2020-04-07 11:20,2020-04-07 14:40,Y,U,451
GS7895,TSN,CAN,2020-04-07 11:20,2020-04-07 14:40,Y,U,451
ZH9114,PEK,SZX,2020-04-07 07:30,2020-04-07 11:15,Y,K,500
CZ3194,PEK,SZX,2020-04-07 08:00,2020-04-07 11:30,Y,R,500
CA1895,PEK,SZX,2020-04-07 08:05,2020-04-07 11:45,Y,K,500
ZH9114,PEK,SZX,2020-04-07 07:30,2020-04-07 11:15,Y,K,500
